sample,morph_closing_added_r21,morph_closing_added_r13,morph_opening_removed_r8,lacunarity_box10,autocorr_radial_mean,autocorr_drop_010,autocorr_drop_020,autocorr_drop_050,glcm_correlation_mean,fft_low_power,fft_mid_low_ratio,fft_spectral_entropy,local_entropy_mean_r5,local_entropy_p90_r5,local_std_p90_w9,grad_p99,grad_std,haar_detail_mean,laplace_mean_abs
IMG_6071.png,62.044124603271484,48.89536666870117,30.398836135864258,0.43838852643966675,0.07601786404848099,20.0,13.0,6.0,0.6025223440176747,2324826880.0,0.016144149005413055,9.639564514160156,3.6124640031469024,4.199808020187993,36.33839416503906,276.0398254394531,58.029930114746094,111.31927490234375,23.727558135986328
IMG_6072.png,80.30729675292969,66.66454315185547,52.226322174072266,0.3071896433830261,0.055118806660175323,16.0,9.0,3.0,0.4383709775719991,1719043328.0,0.07824058830738068,11.589290618896484,4.17476937161817,4.688533803164177,44.47257995605469,457.5652770996094,97.98309326171875,339.83807373046875,38.742149353027344
IMG_6073.png,88.72102355957031,73.25032043457031,58.67719650268555,0.23538115620613098,0.039508454501628876,11.0,7.0,3.0,0.38530822211371196,1536972416.0,0.10853680968284607,12.035209655761719,4.425794691656471,4.758206374014812,43.377479553222656,449.0595703125,96.10346221923828,396.2817077636719,43.126556396484375
IMG_6074.png,70.66436004638672,58.30351257324219,44.361328125,0.405378520488739,0.0711861103773117,24.0,10.0,4.0,0.5169411262118211,2046778624.0,0.04863830655813217,10.656496047973633,3.8734180630426263,4.411725737394187,42.25645446777344,388.56146240234375,81.95541381835938,195.5189971923828,26.58725357055664
IMG_6208.png,98.84335327148438,81.38036346435547,68.99866485595703,0.12185526639223099,0.014360864646732807,5.0,4.0,2.0,0.2699662814852144,1173137920.0,0.1851140558719635,12.838960647583008,4.5044928160109485,4.761905095129993,46.038604736328125,488.62152099609375,106.84077453613281,512.6708984375,50.62213134765625
IMG_6209.png,99.3801040649414,82.89244079589844,72.25785064697266,0.1112273558974266,0.014363653026521206,5.0,4.0,2.0,0.24980911752859555,1048637952.0,0.21478144824504852,13.116670608520508,4.6028501196707525,4.847333299309549,46.49293518066406,509.8431091308594,109.56278228759766,587.6718139648438,57.072383880615234
IMG_6210.png,105.43550872802734,86.62324523925781,71.92153930664062,0.11400558799505234,0.014306841418147087,5.0,3.0,2.0,0.2378703571644572,1020587456.0,0.21439899504184723,13.241622924804688,4.658821722285599,4.8909827629304115,46.09937286376953,501.35064697265625,109.1160659790039,633.171875,62.28914260864258
IMG_6211.png,91.4647216796875,73.54912567138672,64.94268035888672,0.1509866863489151,0.021367132663726807,6.0,4.0,2.0,0.3302422639128711,1378649600.0,0.15324851870536804,12.236185073852539,4.384509889573148,4.685167522645756,45.83167266845703,460.3113098144531,100.37225341796875,369.9001770019531,36.92534255981445
IMG_6268.png,102.97012329101562,86.97614288330078,71.9365005493164,0.12269601970911026,0.013122007250785828,4.0,3.0,2.0,0.24594219936775827,1008353664.0,0.2307463139295578,13.114697456359863,4.366503851565803,4.620272767125483,46.23583984375,511.136474609375,109.80464935302734,591.5426025390625,55.91167068481445
IMG_6269.png,106.99246978759766,88.8935317993164,76.67611694335938,0.0868813619017601,0.008884106762707233,4.0,3.0,2.0,0.20066992384437557,844256192.0,0.2767142653465271,13.538812637329102,4.526082567340835,4.738334269392137,46.314178466796875,518.6781005859375,111.75250244140625,707.6506958007812,67.38189697265625
IMG_6270.png,96.61387634277344,80.92230987548828,73.75641632080078,0.10589434206485748,0.013677543960511684,5.0,4.0,2.0,0.26802949810905596,1140862080.0,0.21237073838710785,12.754034042358398,4.334483937995103,4.615422010169679,46.70513153076172,503.87548828125,108.04643249511719,482.62933349609375,45.02766418457031
IMG_6271.png,106.4482421875,89.03860473632812,77.9296875,0.07628419995307922,0.008897772058844566,4.0,3.0,2.0,0.19713583291013914,830282816.0,0.2814556658267975,13.577356338500977,4.550057522184939,4.7670093804616895,46.34595489501953,515.711669921875,111.9173812866211,746.5389404296875,70.12854766845703
IMG_5943.png,94.54368591308594,76.27865600585938,66.18971252441406,0.18109050393104553,0.025982718914747238,9.0,4.0,2.0,0.3157244274894456,1208193024.0,0.16814349591732025,12.700439453125,4.305470963353254,4.648487623948039,45.38360595703125,489.2029113769531,106.9487533569336,510.426025390625,50.63249206542969
IMG_5944.png,89.95178985595703,72.56977081298828,62.171974182128906,0.21461108326911926,0.03438091278076172,12.0,6.0,2.0,0.3526487716055727,1311948544.0,0.13554906845092773,12.484979629516602,4.213211761973132,4.647138936701855,45.489097595214844,488.9054260253906,106.30045318603516,466.9722595214844,49.16984176635742
IMG_5945.png,95.39903259277344,75.72901153564453,64.18685913085938,0.1834133416414261,0.025709768757224083,9.0,5.0,2.0,0.32413301260300365,1245185920.0,0.1567309945821762,12.615472793579102,4.225211628014261,4.623361577703669,45.99651336669922,484.9654541015625,107.05805969238281,480.8555603027344,49.080875396728516
IMG_5794.png,101.05590057373047,84.4259033203125,68.67955017089844,0.13709571957588196,0.01844620518386364,6.0,4.0,2.0,0.2680925966232993,1089074944.0,0.1885010451078415,13.087257385253906,4.5203582864159335,4.7791137013425065,45.78228759765625,497.919677734375,107.2613296508789,617.54248046875,61.51606369018555
IMG_5795.png,93.43235778808594,76.90007019042969,67.4538803100586,0.16040702164173126,0.01688617654144764,6.0,4.0,2.0,0.30650865680902,1299289472.0,0.16848157346248627,12.51163387298584,4.407045474811023,4.706513892438355,46.51228332519531,484.22100830078125,104.95114135742188,442.44586181640625,42.91191101074219
IMG_5796.png,90.4942398071289,74.3759994506836,63.69505310058594,0.170049786567688,0.01763608492910862,6.0,4.0,3.0,0.323239271580571,1392348800.0,0.1548437923192978,12.16981315612793,4.281215029200349,4.623163893370293,46.750755310058594,472.7488708496094,100.947509765625,361.1245422363281,35.53471755981445
IMG_5797.png,107.55378723144531,87.39640808105469,73.30084228515625,0.10543069243431091,0.01304954756051302,5.0,3.0,2.0,0.2261090413996952,929562176.0,0.23473556339740753,13.436080932617188,4.624564698972725,4.866291404905719,46.351417541503906,517.74609375,111.20979309082031,697.7622680664062,66.74473571777344
IMG_6192.png,79.0623779296875,62.26554489135742,47.192543029785156,0.3143990635871887,0.03818922117352486,9.0,7.0,4.0,0.4534651719194508,1992545664.0,0.050695694983005524,11.060066223144531,3.7542314459405763,4.305066341640488,45.131141662597656,400.5914306640625,83.2964859008789,197.74497985839844,27.859375
IMG_6193.png,90.97245788574219,75.4582290649414,61.31437301635742,0.18417620658874512,0.03235539793968201,7.0,5.0,3.0,0.34733671470681016,1470584832.0,0.12508125603199005,12.228307723999023,4.316991171557377,4.726595294812899,47.334083557128906,475.2472229003906,102.88990020751953,411.3164978027344,41.336177825927734
IMG_6194.png,76.62428283691406,61.130043029785156,45.64166259765625,0.3315523862838745,0.05488354340195656,10.0,7.0,4.0,0.46838618703569007,2040182784.0,0.045669540762901306,10.799242973327637,3.7379245486505415,4.288356294867037,44.499473571777344,383.4866027832031,80.21200561523438,180.84771728515625,26.24581527709961
IMG_6195.png,79.73758697509766,64.8161849975586,48.70250701904297,0.2944541275501251,0.046489547938108444,9.0,6.0,4.0,0.4420333247516717,1940844928.0,0.059524670243263245,11.072826385498047,3.8746520754295086,4.372982874771646,44.90357971191406,395.9419250488281,83.08263397216797,205.82960510253906,27.229631423950195
IMG_6395.png,93.26422882080078,78.47109985351562,67.90449523925781,0.16845545172691345,0.01829792931675911,7.0,4.0,2.0,0.2854906819291102,1207299072.0,0.15909868478775024,12.93497085571289,4.4267291677580145,4.732998423644857,46.071990966796875,491.7555236816406,107.41975402832031,580.4172973632812,57.970584869384766
IMG_6396.png,87.1590576171875,75.0380859375,66.52481079101562,0.1710491180419922,0.02096031978726387,7.0,4.0,2.0,0.3133535291082473,1304184320.0,0.15470822155475616,12.652892112731934,4.393444603676817,4.723876509186092,46.32549285888672,485.3380432128906,105.11919403076172,482.5702819824219,48.644691467285156
IMG_6397.png,88.3877944946289,73.93614196777344,66.09185791015625,0.16418184340000153,0.02695189230144024,8.0,5.0,2.0,0.32492826562496935,1325204352.0,0.1555113047361374,12.521183013916016,4.274987633166437,4.610774540559794,46.078651428222656,478.78546142578125,102.96227264404297,456.4051208496094,46.0737419128418
IMG_6398.png,89.02369689941406,75.24334716796875,66.48076629638672,0.17283602058887482,0.024675682187080383,8.0,5.0,2.0,0.32362992954845715,1330329472.0,0.1463577300310135,12.582676887512207,4.306416338584782,4.603489473080992,45.12617492675781,469.3383483886719,102.25961303710938,491.9063720703125,50.2543830871582
IMG_5818.png,96.69075012207031,77.67472839355469,71.74758911132812,0.09930946677923203,0.012731685303151608,5.0,4.0,2.0,0.27469631184330406,1204372608.0,0.18420375883579254,12.582010269165039,4.594943972393175,4.886163509528395,47.425106048583984,503.42230224609375,107.36302947998047,432.6695861816406,41.177772521972656
IMG_5819.png,100.45667266845703,83.18433380126953,74.07682800292969,0.09011486172676086,0.011395257897675037,4.0,3.0,2.0,0.2378480909412724,1012373440.0,0.22414015233516693,13.042121887207031,4.692652621843687,4.947331638446708,46.563629150390625,515.4381103515625,110.77816009521484,554.476318359375,53.44622802734375
IMG_5820.png,98.71009826660156,79.08013916015625,73.0314712524414,0.07931210845708847,0.011383583769202232,4.0,3.0,2.0,0.2472904361259014,1047220416.0,0.21383284032344818,12.936331748962402,4.689731409153596,4.955418330200454,46.98067855834961,509.403564453125,110.15525817871094,510.0035095214844,49.64158248901367
IMG_5821.png,92.8633804321289,75.74082946777344,70.69343566894531,0.11414449661970139,0.014689468778669834,5.0,4.0,2.0,0.28635075512017,1192893824.0,0.19651086628437042,12.481376647949219,4.540373664015439,4.834746262165675,46.68647766113281,494.67010498046875,106.18009948730469,399.66064453125,37.691802978515625
IMG_6407.png,94.54022216796875,79.55476379394531,63.95960235595703,0.1632944792509079,0.021571721881628036,8.0,5.0,2.0,0.3133751316013378,1278909440.0,0.1533254235982895,12.61972427368164,4.358102689203204,4.6682439483629246,45.50651550292969,483.01812744140625,103.96393585205078,492.07647705078125,51.078163146972656
IMG_6408.png,84.53643035888672,71.30245208740234,58.52299880981445,0.2484944611787796,0.03560024872422218,11.0,6.0,3.0,0.37274168154430803,1510724096.0,0.1128024235367775,12.089242935180664,4.273618932309455,4.658208034877654,45.22838592529297,468.8187255859375,100.31507110595703,405.0751037597656,43.25215148925781
IMG_6409.png,91.34554290771484,75.58338928222656,66.05147552490234,0.17726914584636688,0.030457518994808197,7.0,4.0,2.0,0.3218462370428847,1293063168.0,0.1584843546152115,12.582996368408203,4.407747581909694,4.7367824543418555,46.19679260253906,481.239013671875,104.01638793945312,482.88201904296875,48.665897369384766
IMG_6410.png,91.38668060302734,76.3640365600586,64.04473876953125,0.20146623253822327,0.03781692311167717,8.0,5.0,2.0,0.33249101452886726,1350971648.0,0.14187440276145935,12.430830001831055,4.333152376434372,4.700736966211682,46.39640808105469,481.7239990234375,104.98933410644531,467.81463623046875,47.91015625
IMG_6115.png,70.52325439453125,58.89181900024414,45.17940902709961,0.30768486857414246,0.05396963655948639,18.0,10.0,4.0,0.497684515767631,1975896576.0,0.055252283811569214,10.737238883972168,4.055445600994506,4.551158226691765,42.615692138671875,400.20806884765625,84.20804595947266,205.54849243164062,26.331632614135742
IMG_6116.png,76.99571228027344,65.78153228759766,57.43247604370117,0.2776990234851837,0.05430848151445389,17.0,7.0,3.0,0.41298927998414914,1606294912.0,0.09894318878650665,11.746490478515625,4.278079970877129,4.737532645117189,45.19472885131836,466.5292053222656,99.88407135009766,354.04608154296875,38.009525299072266
IMG_6117.png,73.50862884521484,61.95868682861328,51.90110778808594,0.29516205191612244,0.04649117588996887,15.0,8.0,4.0,0.4509105382865801,1811447552.0,0.07564469426870346,11.264209747314453,4.140456501980913,4.625429985099215,44.12751007080078,427.2662658691406,91.95752716064453,256.66680908203125,29.993263244628906
IMG_6119.png,71.02593231201172,56.3138542175293,44.50458526611328,0.3463193476200104,0.06759566813707352,23.0,10.0,4.0,0.5203579331564171,2005577728.0,0.05037056282162666,10.647185325622559,3.965724776725339,4.517275296766927,42.07695007324219,390.0916442871094,82.85871124267578,189.0587921142578,25.721460342407227
IMG_5894.png,72.68682098388672,61.57344055175781,50.59285354614258,0.2979099750518799,0.06303085386753082,29.0,11.0,4.0,0.4837127575967508,1836482304.0,0.07025135308504105,10.803128242492676,3.921618632716488,4.408027016279007,44.104393005371094,414.98492431640625,88.28752136230469,243.91310119628906,32.8510856628418
IMG_5895.png,70.60305786132812,60.505062103271484,47.11405944824219,0.3231383264064789,0.056770820170640945,19.0,10.0,4.0,0.4913112819961151,1884841472.0,0.06158240884542465,11.026147842407227,3.999762356945487,4.518621535044855,43.41578674316406,408.5645751953125,87.18952178955078,232.44960021972656,31.425861358642578
IMG_5896.png,86.0067138671875,73.34245300292969,63.830238342285156,0.19087189435958862,0.0324552096426487,13.0,6.0,2.0,0.3536400631146946,1360475648.0,0.1303531676530838,12.43507194519043,4.417548485868445,4.747653868184277,44.787601470947266,469.7456359863281,102.33138275146484,498.06060791015625,52.63859176635742
IMG_5897.png,73.52682495117188,62.03900146484375,49.296478271484375,0.2663324177265167,0.05150024592876434,17.0,9.0,4.0,0.47243191463732126,1820401024.0,0.07151047140359879,11.188301086425781,3.998296428811153,4.489386157831883,43.46854782104492,409.29449462890625,87.83580780029297,240.29672241210938,30.330596923828125
IMG_6099.png,88.50908660888672,72.83760833740234,61.02202224731445,0.175913006067276,0.022870102897286415,6.0,5.0,3.0,0.35408443882620516,1570784512.0,0.11962036788463593,11.907719612121582,4.141808298055889,4.535786467459215,47.27806854248047,458.22918701171875,97.002197265625,302.51959228515625,31.275310516357422
IMG_6100.png,92.84937286376953,75.85680389404297,64.10911560058594,0.16387104988098145,0.02218586392700672,5.0,4.0,3.0,0.32693548476265966,1428857216.0,0.14694011211395264,12.155324935913086,3.988997809860073,4.381586158870658,47.823974609375,478.8919372558594,103.02355194091797,357.8034973144531,34.92486572265625
IMG_6101.png,104.8381118774414,85.86790466308594,75.11664581298828,0.08735397458076477,0.012847838923335075,4.0,3.0,2.0,0.2227434606973607,905360768.0,0.2713944613933563,13.330804824829102,4.588371926375715,4.845101083662833,47.555992126464844,523.0195922851562,112.88153076171875,653.0023803710938,60.597694396972656
IMG_6102.png,101.05120086669922,83.86366271972656,73.24652862548828,0.10667207092046738,0.014413110911846161,4.0,3.0,2.0,0.24865539387651725,1038360320.0,0.22530299425125122,13.080573081970215,4.550321232258512,4.829013009737154,47.35271453857422,514.0189819335938,111.2801284790039,583.498779296875,54.82533645629883
IMG_5978.png,99.71149444580078,81.28687286376953,69.51708221435547,0.09416546672582626,0.015556609258055687,4.0,4.0,2.0,0.2671113372865575,1062093184.0,0.22107678651809692,12.771688461303711,4.2343071545363395,4.52132870725317,46.0391960144043,504.436279296875,107.71678161621094,469.7561950683594,44.603477478027344
IMG_5979.png,96.15025329589844,77.4413070678711,69.4211196899414,0.11359897255897522,0.015750208869576454,5.0,4.0,2.0,0.28205671311209546,1144597248.0,0.19348615407943726,12.593721389770508,4.432164248138529,4.732580673466282,45.768096923828125,488.1822814941406,104.44434356689453,419.7001037597656,40.95145034790039
IMG_5980.png,96.63147735595703,76.34410858154297,67.74134826660156,0.11613593250513077,0.014932548627257347,5.0,4.0,2.0,0.28914061255486784,1181012736.0,0.1847289800643921,12.516595840454102,4.398374571290891,4.7302734830264335,46.72353744506836,493.92706298828125,105.40617370605469,398.7156066894531,38.84837341308594
IMG_5981.png,103.25159454345703,85.15062713623047,72.96054077148438,0.09605257958173752,0.013351298868656158,4.0,3.0,2.0,0.23402180496839228,952118656.0,0.22522693872451782,13.260238647460938,4.663783114710523,4.9208907810383575,46.17150115966797,515.99755859375,109.99530029296875,614.2171630859375,59.636558532714844
IMG_5846.png,87.79045867919922,74.05602264404297,62.602699279785156,0.22179538011550903,0.02925192005932331,11.0,6.0,2.0,0.35912145907356813,1418801792.0,0.12225055694580078,12.342257499694824,4.596354430988567,4.913320681629875,44.350101470947266,465.0069580078125,99.80335235595703,461.770263671875,50.23899841308594
IMG_5847.png,85.80142211914062,72.2041015625,62.247310638427734,0.23315949738025665,0.027290964499115944,10.0,6.0,3.0,0.3603327069507922,1465297280.0,0.12398847937583923,12.220595359802246,4.521490764522552,4.874335441868559,45.34933853149414,468.0822448730469,100.67848205566406,407.17950439453125,42.9954948425293
IMG_5848.png,69.94188690185547,56.766441345214844,41.26506805419922,0.4595811367034912,0.0544055812060833,20.0,10.0,5.0,0.5290888055797632,2118403840.0,0.03935031592845917,10.439725875854492,3.9287715680312494,4.457328114063658,41.44127655029297,339.4149475097656,72.84159851074219,162.66197204589844,25.848651885986328
IMG_5849.png,75.48814392089844,63.260860443115234,51.31319808959961,0.30179351568222046,0.039562445133924484,15.0,9.0,4.0,0.45806450596545434,1817379584.0,0.07758960127830505,11.305971145629883,4.2584132311413905,4.693132990720993,43.215301513671875,418.8961486816406,89.30601501464844,258.1121520996094,30.690847396850586
IMG_6236.png,96.13426971435547,83.18096160888672,70.62115478515625,0.1646307110786438,0.022533593699336052,7.0,4.0,2.0,0.2796045413137585,1101473536.0,0.1819121092557907,13.074586868286133,4.676299732364469,4.927459533824032,44.929664611816406,483.17486572265625,105.90119934082031,621.0086669921875,63.753868103027344
IMG_6237.png,87.63885498046875,73.5536880493164,61.84801483154297,0.20095160603523254,0.0293896347284317,9.0,5.0,3.0,0.35461358070986004,1438986368.0,0.13219000399112701,12.259195327758789,4.42577165961451,4.771828633863704,45.714569091796875,463.9180908203125,100.72134399414062,405.25604248046875,42.33334732055664
IMG_6238.png,98.1346435546875,82.67636108398438,66.3830337524414,0.18557412922382355,0.02690071240067482,9.0,5.0,2.0,0.3059063338073252,1210043008.0,0.1547706127166748,12.856424331665039,4.535918071222791,4.792933645524773,44.41881561279297,476.89044189453125,103.48063659667969,580.8781127929688,60.600486755371094
IMG_6239.png,92.85648345947266,79.05618286132812,64.56890106201172,0.20349395275115967,0.029765382409095764,9.0,5.0,2.0,0.3257899107683969,1295128832.0,0.1433517336845398,12.644739151000977,4.480332786879602,4.77604394732415,44.93608856201172,469.0421142578125,101.73892974853516,509.05731201171875,54.17988586425781
IMG_6332.png,75.19893646240234,62.98698425292969,50.58466339111328,0.276703804731369,0.04425114393234253,15.0,8.0,4.0,0.45791852314190884,1832089216.0,0.06861723959445953,11.277861595153809,3.8670629518986197,4.373980500212237,44.54465866088867,423.3125305175781,88.47123718261719,252.1942596435547,34.0552864074707
IMG_6333.png,87.80097961425781,74.97676086425781,68.73363494873047,0.15706399083137512,0.0273321233689785,9.0,5.0,2.0,0.31261050665088624,1254650624.0,0.1526012271642685,12.775838851928711,4.315114030136951,4.634430675879468,45.674964904785156,488.5846862792969,105.28628540039062,550.7218017578125,56.70444107055664
IMG_6334.png,78.99736785888672,64.85419464111328,54.40204620361328,0.3248926103115082,0.040213920176029205,12.0,8.0,3.0,0.4157542151326707,1666313472.0,0.08520640432834625,11.785927772521973,4.087579682498317,4.586117058617308,45.374778747558594,471.72607421875,100.0077896118164,362.69415283203125,39.872169494628906
IMG_6335.png,84.33601379394531,72.36669158935547,63.04988479614258,0.21848496794700623,0.030678505077958107,10.0,6.0,3.0,0.35813729166672387,1456444544.0,0.11838482320308685,12.257891654968262,4.3089586389209735,4.669993447746583,45.18926239013672,467.89154052734375,100.47705841064453,456.06884765625,48.96113586425781
IMG_5749.png,102.72154235839844,86.31666564941406,76.06415557861328,0.09392734616994858,0.012735214084386826,4.0,3.0,2.0,0.22554019841443568,918025024.0,0.2533281743526459,13.356243133544922,4.708451186366227,4.961789398652752,47.00603485107422,517.1575927734375,111.82500457763672,661.5762329101562,63.41099166870117
IMG_5750.png,102.18225860595703,85.1385726928711,74.73311614990234,0.09230806678533554,0.013877800665795803,4.0,3.0,2.0,0.22736339132885863,959850752.0,0.24503964185714722,13.291654586791992,4.714186908130383,4.9642552127295385,47.458133697509766,516.391845703125,111.9229507446289,651.6619873046875,62.19268035888672
IMG_5751.png,99.22161865234375,82.7606201171875,75.47837829589844,0.09597005695104599,0.011216877959668636,4.0,3.0,2.0,0.2304873611639942,966326592.0,0.24831341207027435,13.223368644714355,4.743957883507426,4.981661503275427,46.93191909790039,517.0594482421875,111.53797912597656,625.7435302734375,59.41398239135742
IMG_5752.png,95.77839660644531,80.77870178222656,74.87031555175781,0.09497712552547455,0.016428878530859947,4.0,3.0,2.0,0.2522093257401822,1053639168.0,0.2270648181438446,13.024264335632324,4.642178912933359,4.899500737447607,46.27216339111328,509.05596923828125,110.04208374023438,567.92626953125,53.91956329345703
IMG_5842.png,97.5046615600586,80.1251220703125,63.27248001098633,0.18560077250003815,0.02261163294315338,9.0,5.0,2.0,0.31963661946214916,1244368512.0,0.15437743067741394,12.678417205810547,4.292180110881003,4.582241945455083,44.906333923339844,477.29656982421875,102.44146728515625,504.7744445800781,52.814693450927734
IMG_5843.png,90.87083435058594,76.01873779296875,68.68678283691406,0.16164427995681763,0.018802016973495483,6.0,4.0,2.0,0.2960654074264585,1166265088.0,0.19418616592884064,12.716354370117188,4.513512727269735,4.825426663373532,46.26371765136719,494.09661865234375,107.61702728271484,485.2391662597656,47.64616394042969
IMG_5844.png,88.52969360351562,70.60357666015625,63.76388931274414,0.17260591685771942,0.023593900725245476,6.0,4.0,3.0,0.3442170450708303,1383249280.0,0.14728741347789764,12.10204792022705,4.366953023383798,4.713324003355558,45.69380187988281,462.2244873046875,99.29197692871094,336.793212890625,33.90310287475586
IMG_5845.png,100.48194122314453,80.71468353271484,69.42729949951172,0.1470707356929779,0.019544659182429314,7.0,4.0,2.0,0.28167881700814656,1136126848.0,0.176963210105896,12.966024398803711,4.647793815350341,4.907070836856091,45.1171989440918,488.11627197265625,105.72561645507812,585.6007080078125,59.885005950927734
IMG_6011.png,103.62702941894531,86.0948257446289,72.27381896972656,0.10575485974550247,0.017127694562077522,5.0,3.0,2.0,0.2433594329068177,999135168.0,0.21505188941955566,13.18404769897461,4.739207151495799,5.004801046249838,47.211666107177734,526.1824951171875,113.51594543457031,593.9234619140625,58.232261657714844
IMG_6012.png,86.26133728027344,68.21723175048828,58.921356201171875,0.14481216669082642,0.02134316973388195,6.0,5.0,3.0,0.3445110616666761,1351027072.0,0.12848034501075745,12.001855850219727,4.451106454680734,4.817625003549464,45.314369201660156,471.941162109375,98.25637817382812,285.63641357421875,29.726364135742188
IMG_6013.png,91.66398620605469,68.85054779052734,59.8408203125,0.13631701469421387,0.02055557817220688,6.0,4.0,3.0,0.3348460977742762,1261415552.0,0.14228622615337372,12.107346534729004,4.458973363271183,4.814442874779548,44.61027526855469,470.44921875,98.9671859741211,305.1886901855469,31.44013023376465
IMG_6014.png,101.8670654296875,81.79531860351562,67.77981567382812,0.12273680418729782,0.018326707184314728,5.0,4.0,2.0,0.2660680742672177,1030901568.0,0.19813492894172668,12.965036392211914,4.704913348659014,4.980428596237035,46.184478759765625,518.63330078125,109.17155456542969,521.0518188476562,52.43730163574219
IMG_6340.png,90.88213348388672,73.42832946777344,59.19654846191406,0.23527798056602478,0.03945612162351608,17.0,8.0,3.0,0.4023887479049197,1497773440.0,0.11341144889593124,11.90931510925293,4.270299747096586,4.616826701000202,42.879844665527344,457.8078308105469,98.77716827392578,409.39654541015625,44.585819244384766
IMG_6341.png,78.4296646118164,62.972896575927734,47.944454193115234,0.3471541404724121,0.0465720072388649,17.0,10.0,4.0,0.4849346101182392,1887635584.0,0.06858604401350021,11.035296440124512,4.079945856797978,4.52893268274386,42.148651123046875,405.5564270019531,85.67427062988281,231.50376892089844,28.147918701171875
IMG_6342.png,78.1904067993164,61.65925979614258,48.872886657714844,0.3050837218761444,0.04323635622859001,16.0,9.0,4.0,0.47386745487781046,1860372864.0,0.06900615990161896,11.029070854187012,4.032352128424119,4.484654252026173,42.7218132019043,410.0103759765625,85.8790054321289,214.45156860351562,26.680484771728516
IMG_6343.png,88.3464584350586,72.04908752441406,58.40932083129883,0.25112950801849365,0.040406543761491776,16.0,7.0,3.0,0.39997076499672246,1542743040.0,0.1049422100186348,11.9855375289917,4.325604484881356,4.71455691039395,44.251007080078125,465.8325500488281,100.31982421875,405.333984375,43.32776641845703
IMG_5926.png,105.92428588867188,83.220703125,63.80958938598633,0.1653333306312561,0.017364900559186935,5.0,4.0,2.0,0.2985080252722789,1226714624.0,0.16618652641773224,12.572663307189941,4.237041456816471,4.566529985924312,46.3137321472168,508.5395812988281,105.97232818603516,441.8411560058594,43.537269592285156
IMG_5927.png,94.1103744506836,72.91703033447266,63.5522575378418,0.17950454354286194,0.020704757422208786,6.0,4.0,2.0,0.3300220675950073,1363435648.0,0.1442643404006958,12.258020401000977,4.365639184403202,4.708823657965431,46.1422119140625,482.1146240234375,102.09707641601562,362.8691101074219,36.785037994384766
IMG_5928.png,94.08607482910156,74.3681640625,61.602081298828125,0.1971186399459839,0.02060866169631481,6.0,5.0,3.0,0.34549318411719987,1454875776.0,0.1321830451488495,12.065080642700195,4.314087622790656,4.682097768627399,46.327186584472656,474.760986328125,100.83782196044922,334.6431579589844,33.4302864074707
IMG_5929.png,107.94947814941406,84.24364471435547,70.22735595703125,0.14339995384216309,0.016993623226881027,5.0,4.0,2.0,0.26458617817472324,1092395776.0,0.18898151814937592,13.019852638244629,4.602163384997383,4.872343565346126,46.15203857421875,508.25927734375,108.1136703491211,568.8232421875,56.21428680419922
IMG_6140.png,84.0635986328125,72.89836120605469,63.012657165527344,0.20391085743904114,0.031297508627176285,7.0,5.0,3.0,0.35136089660568276,1436873600.0,0.13590729236602783,12.224943161010742,4.2010169429050395,4.590186121243988,47.098541259765625,474.90472412109375,100.38710021972656,402.1838684082031,41.54850769042969
IMG_6141.png,80.76197814941406,69.70860290527344,60.207889556884766,0.2144743949174881,0.0316108874976635,8.0,5.0,3.0,0.3729863979786216,1545008128.0,0.11688771843910217,11.981433868408203,4.175395097013091,4.556891479120285,46.36145782470703,451.6934814453125,97.52835845947266,354.960693359375,38.123008728027344
IMG_6142.png,79.3055419921875,68.90057373046875,55.79912567138672,0.2151341587305069,0.032316990196704865,7.0,5.0,3.0,0.3882514303137584,1688255744.0,0.09480685740709305,11.593846321105957,3.90277230116048,4.317547998281855,46.01988983154297,417.4254150390625,89.06578063964844,269.636962890625,32.6821174621582
IMG_6143.png,92.2666244506836,80.703125,72.84825134277344,0.12160541862249374,0.017472419887781143,5.0,4.0,2.0,0.255418442448517,1066210944.0,0.20034483075141907,13.170598983764648,4.514197638113794,4.7780784786374895,46.421241760253906,489.9964294433594,108.21298217773438,638.7474975585938,62.67091751098633
IMG_6376.png,92.9170150756836,76.16757202148438,64.55305480957031,0.20226134359836578,0.023205673322081566,6.0,4.0,2.0,0.3197204677795226,1315817984.0,0.15419159829616547,12.511130332946777,4.217792421047673,4.639568837293371,48.629234313964844,503.05218505859375,106.78423309326172,450.6844787597656,44.18486785888672
IMG_6377.png,100.19192504882812,81.10321807861328,72.90754699707031,0.12461920082569122,0.014416960068047047,5.0,4.0,2.0,0.2515355924064081,1053985664.0,0.20762336254119873,13.119718551635742,4.524570196163762,4.7898906660338945,46.662803649902344,501.669189453125,108.81360626220703,598.49267578125,58.22233581542969
IMG_6378.png,84.48564910888672,69.58675384521484,57.99778747558594,0.20364075899124146,0.023571517318487167,7.0,5.0,3.0,0.3746198098871232,1616230144.0,0.11156071722507477,11.786048889160156,4.194797316334728,4.566925484706278,45.47039031982422,431.61785888671875,92.77996826171875,286.86138916015625,30.675382614135742
IMG_6379.png,101.0087890625,82.66021728515625,70.47895050048828,0.11725976318120956,0.012632884085178375,5.0,4.0,2.0,0.2507481935196675,1092863616.0,0.20030252635478973,13.058328628540039,4.569037982857572,4.842832953919421,46.99431228637695,496.54205322265625,108.09867095947266,577.6392822265625,56.388431549072266
IMG_6228.png,101.9355697631836,83.49916076660156,70.07891845703125,0.10459335893392563,0.014667614363133907,5.0,3.0,2.0,0.24384468604781012,959421184.0,0.21980156004428864,13.255386352539062,4.508267073032396,4.759439281053206,45.76691436767578,516.8486328125,109.90283203125,610.267578125,60.6235237121582
IMG_6229.png,100.95402526855469,81.58567810058594,71.08522033691406,0.10660931468009949,0.017354585230350494,5.0,4.0,2.0,0.2584714531166249,1042969664.0,0.2106754332780838,13.016607284545898,4.587450150431892,4.869990126020902,47.19207763671875,521.474365234375,111.4726791381836,555.5278930664062,54.018096923828125
IMG_6230.png,97.44214630126953,78.78045654296875,71.59400939941406,0.10375461727380753,0.01587751694023609,5.0,4.0,2.0,0.26973039605281884,1083520640.0,0.20868293941020966,12.84068489074707,4.5058588694406465,4.797752898926789,47.14228439331055,518.5335083007812,110.74622344970703,504.0533447265625,48.68782043457031
IMG_6231.png,102.09052276611328,81.18192291259766,70.70722961425781,0.09745290130376816,0.01326007954776287,5.0,4.0,2.0,0.24721077656127738,989839552.0,0.21648181974887848,13.18404483795166,4.619108980458925,4.875611003697863,46.20951461791992,512.0390625,110.29462432861328,588.7933959960938,58.39181900024414
IMG_5757.png,106.3058853149414,83.81319427490234,70.0291748046875,0.10445228219032288,0.01304766908288002,5.0,4.0,2.0,0.2525764145546612,1076031616.0,0.19412490725517273,13.046156883239746,4.834367823601537,5.095798694606742,47.46438980102539,532.8882446289062,112.57203674316406,555.017333984375,56.290977478027344
IMG_5758.png,96.43606567382812,77.81660461425781,66.75358581542969,0.1315034180879593,0.01705583743751049,6.0,4.0,2.0,0.2958638101262775,1263162752.0,0.14612194895744324,12.648292541503906,4.7851493322224785,5.080426935374193,46.21879196166992,506.78790283203125,107.57892608642578,456.7999267578125,48.5756950378418
IMG_5759.png,100.02788543701172,76.17759704589844,65.94271850585938,0.13117028772830963,0.018482305109500885,6.0,4.0,2.0,0.30236629339718407,1273126656.0,0.13859595358371735,12.655954360961914,4.849129121953328,5.157768447799999,46.252681732177734,517.7402954101562,108.37628173828125,452.55255126953125,48.54233169555664
IMG_5760.png,102.49262237548828,83.11296081542969,67.82044982910156,0.1267976313829422,0.015438070520758629,5.0,4.0,2.0,0.2741330916635148,1203481088.0,0.15711961686611176,12.903940200805664,4.833830009124561,5.109618638789012,46.18556594848633,512.5718994140625,109.64511108398438,529.9492797851562,54.11360168457031
IMG_5850.png,82.96809387207031,69.45342254638672,60.54853057861328,0.21037998795509338,0.02152296155691147,6.0,5.0,3.0,0.3489995300788823,1596778624.0,0.11302375048398972,12.044652938842773,4.374408658345363,4.768758879845349,47.599708557128906,480.8326110839844,100.96897888183594,339.9508056640625,34.646724700927734
IMG_5851.png,85.07836151123047,71.95150756835938,65.07864379882812,0.19831806421279907,0.021717367693781853,6.0,4.0,2.0,0.3314518733123676,1408462848.0,0.14395318925380707,12.342000961303711,4.352816386090284,4.712207895532199,46.947330474853516,482.271728515625,104.2436752319336,393.0994873046875,38.60004806518555
IMG_5853.png,81.31949615478516,64.49525451660156,52.923927307128906,0.2759028375148773,0.030281687155365944,8.0,6.0,3.0,0.41684108337896364,1850462720.0,0.07724067568778992,11.35975170135498,4.101773029045546,4.523165554233135,44.66045379638672,394.6238708496094,85.32115936279297,223.5911102294922,26.50980567932129
IMG_6156.png,98.9940185546875,78.64947509765625,67.8904037475586,0.15976475179195404,0.02145068347454071,5.0,4.0,2.0,0.28593003390485805,1186241536.0,0.17648009955883026,12.808382034301758,4.246937983655274,4.625429985099213,47.736873626708984,518.103271484375,111.63711547851562,498.4115295410156,47.63544464111328
IMG_6157.png,102.26020050048828,80.5751953125,70.09661865234375,0.11512363702058792,0.013452955521643162,5.0,4.0,2.0,0.2587659678718802,1105842816.0,0.2043057233095169,12.926429748535156,4.33993945218019,4.721627355498273,49.24163055419922,535.47314453125,114.02748107910156,527.76904296875,48.69001007080078
IMG_6158.png,99.7148666381836,81.54792785644531,72.1668701171875,0.09216092526912689,0.012015463784337044,4.0,3.0,2.0,0.24440221156640501,1027889024.0,0.21860569715499878,13.070781707763672,4.503615921593977,4.824193756335139,47.74943542480469,529.8410034179688,113.44529724121094,573.007568359375,53.403419494628906
IMG_6159.png,88.87191009521484,70.6875228881836,58.93421173095703,0.1898767352104187,0.024197859689593315,6.0,5.0,3.0,0.3453739294170927,1529891456.0,0.12062998861074448,11.973877906799316,3.9750211902880714,4.438272052632809,48.62323760986328,489.505859375,102.66646575927734,317.85369873046875,32.971580505371094
IMG_6345.png,93.58197021484375,76.80207824707031,64.89239501953125,0.1797625571489334,0.019666701555252075,7.0,5.0,2.0,0.3157171726113334,1303539456.0,0.1507454365491867,12.616630554199219,4.378589634237819,4.72419541719798,46.410247802734375,486.5618896484375,104.85132598876953,475.246337890625,47.58418273925781
IMG_6346.png,72.57752990722656,59.79069519042969,45.88008117675781,0.29143860936164856,0.03860108554363251,11.0,7.0,4.0,0.46746088565104993,1946036992.0,0.05664241686463356,11.002237319946289,3.8576903080415743,4.356575892834078,43.210052490234375,369.45635986328125,79.04908752441406,185.8343505859375,25.82489585876465
IMG_6347.png,82.81401824951172,68.80677795410156,55.76530456542969,0.27729320526123047,0.04144175723195076,11.0,6.0,3.0,0.3959520543716713,1580553344.0,0.1015891581773758,11.882621765136719,4.099706508182215,4.510891981630427,44.575645446777344,445.4980163574219,95.338134765625,350.48358154296875,38.3198356628418
IMG_6120.png,98.28230285644531,81.5692367553711,64.73680877685547,0.15384969115257263,0.029508059844374657,7.0,4.0,2.0,0.3084458451942763,1230089088.0,0.16611100733280182,12.660911560058594,4.153824651056702,4.473739164385599,45.89046859741211,486.47149658203125,105.03034973144531,516.947265625,50.37312698364258
IMG_6121.png,86.02489471435547,72.3504867553711,61.68269729614258,0.17684443295001984,0.0217055045068264,8.0,5.0,3.0,0.346698478598077,1447088000.0,0.1385609209537506,12.20869255065918,4.293048152719625,4.713324003355556,47.55614471435547,484.5724792480469,103.93365478515625,376.6050720214844,37.83808898925781
IMG_6123.png,81.49390411376953,67.0097885131836,52.8665885925293,0.23570215702056885,0.02720353566110134,9.0,6.0,3.0,0.4020602322136074,1758701952.0,0.08732789009809494,11.532434463500977,4.0307659097956705,4.509060578121183,46.33881378173828,432.17822265625,92.39579010009766,257.96124267578125,28.942401885986328
IMG_6051.png,84.69676971435547,70.85706329345703,58.260860443115234,0.2676246464252472,0.041829075664281845,14.0,6.0,3.0,0.39871810309371636,1547615616.0,0.11402222514152527,11.873621940612793,4.206553327039288,4.633318992519586,45.82747268676758,469.21209716796875,100.31425476074219,346.0384521484375,36.277225494384766
IMG_6052.png,96.5038070678711,77.40824127197266,64.4187240600586,0.19367250800132751,0.026475152000784874,7.0,5.0,2.0,0.3230697246561946,1284189056.0,0.15247495472431183,12.54790210723877,4.351206257911873,4.673826220988122,45.93206024169922,481.01092529296875,103.10279083251953,461.1087341308594,46.81975555419922
IMG_6053.png,88.13237762451172,71.82479858398438,57.614837646484375,0.18719151616096497,0.020975282415747643,6.0,5.0,3.0,0.3611094751466134,1556144256.0,0.11520299315452576,11.823299407958984,4.1509447429800534,4.529734307018805,45.772918701171875,439.02618408203125,93.45426940917969,285.1808166503906,30.425222396850586
IMG_6054.png,95.47962951660156,77.37633514404297,70.15230560302734,0.14680281281471252,0.017404017969965935,5.0,4.0,2.0,0.279879364511084,1125972224.0,0.20076659321784973,12.84640121459961,4.496956711393582,4.779630293687772,46.67334747314453,502.31463623046875,108.3257064819336,522.0652465820312,49.75103759765625
IMG_6047.png,86.33850860595703,69.80211639404297,57.5444221496582,0.27058157324790955,0.03672153130173683,13.0,6.0,3.0,0.3979284604142313,1560793600.0,0.10497716069221497,11.983810424804688,4.0738790362496875,4.56947851626416,46.47734832763672,487.46282958984375,101.65608978271484,368.3218994140625,40.08354568481445
IMG_6048.png,81.71851348876953,65.18861389160156,51.66274642944336,0.32420098781585693,0.05849798396229744,20.0,11.0,3.0,0.46010498103663133,1642689152.0,0.08212145417928696,11.439690589904785,4.132927159534289,4.573781177320909,41.637596130371094,437.1298522949219,92.5895004272461,323.22528076171875,38.861209869384766
IMG_6049.png,82.5262680053711,65.90457916259766,51.459564208984375,0.2975965142250061,0.05863490328192711,23.0,9.0,4.0,0.46329346940434,1818273536.0,0.07079492509365082,11.188375473022461,4.051946561498054,4.4884552207642745,42.870689392089844,425.33514404296875,88.81348419189453,282.8792419433594,34.4205207824707
IMG_6050.png,90.38257598876953,74.10734558105469,62.78318405151367,0.20353643596172333,0.03400052711367607,10.0,5.0,2.0,0.3605277709592648,1430312576.0,0.1274503916501999,12.259417533874512,4.262227858344218,4.651616749600171,46.046165466308594,487.48590087890625,102.72418975830078,437.72869873046875,44.76486587524414
IMG_6107.png,87.35598754882812,68.94230651855469,54.56228256225586,0.22966793179512024,0.027060769498348236,6.0,5.0,3.0,0.38527793114840636,1737698688.0,0.0827011987566948,11.508996963500977,3.692779971260711,4.134090950500408,46.057838439941406,411.6551818847656,86.75019073486328,239.96417236328125,29.2556209564209
IMG_6108.png,98.36090850830078,80.79840850830078,72.01253509521484,0.11934783309698105,0.01288598868995905,4.0,4.0,2.0,0.25480061916887387,1084370176.0,0.21563929319381714,12.965206146240234,4.52383510950499,4.82876706960565,48.16436767578125,521.034912109375,111.55610656738281,545.0673828125,51.090641021728516
IMG_6109.png,90.7381591796875,73.71825408935547,64.32511901855469,0.16118599474430084,0.017526021227240562,5.0,4.0,2.0,0.3134832233712156,1390348160.0,0.1441265344619751,12.307016372680664,4.208653130585786,4.620929639709087,49.089561462402344,502.0637512207031,105.63546752929688,380.67474365234375,37.01339340209961
IMG_6110.png,83.57646942138672,65.4344482421875,52.666473388671875,0.27070721983909607,0.026259439066052437,7.0,5.0,3.0,0.39991014954094106,1830817536.0,0.07096733152866364,11.355677604675293,3.8629453888980287,4.323797843055639,45.799705505371094,401.24554443359375,83.78519439697266,215.22097778320312,27.244579315185547
IMG_6296.png,106.54444122314453,82.59600067138672,70.48792266845703,0.11221781373023987,0.013826917856931686,5.0,4.0,2.0,0.2572415481419713,1093862272.0,0.19953657686710358,12.981086730957031,4.516701262275657,4.773061540902099,46.15131378173828,510.5918273925781,109.16175079345703,550.8311767578125,53.509925842285156
IMG_6297.png,108.38209533691406,86.12398529052734,71.11942291259766,0.10167254507541656,0.013635339215397835,5.0,4.0,2.0,0.24655876583310468,1032595328.0,0.20962750911712646,13.149349212646484,4.548884594462045,4.7982694912720545,45.969947814941406,510.8737487792969,109.24407958984375,592.3134765625,58.09773635864258
IMG_6298.png,104.03230285644531,81.18325805664062,69.45165252685547,0.11494462937116623,0.01334510650485754,5.0,4.0,2.0,0.2722988078349816,1157578368.0,0.19056065380573273,12.794130325317383,4.468819325948291,4.745300428859051,46.075069427490234,504.0337219238281,107.73161315917969,481.7076416015625,46.21205520629883
IMG_6299.png,89.85690307617188,73.12256622314453,62.097557067871094,0.16913698613643646,0.018779147416353226,6.0,4.0,3.0,0.3301651243626541,1392814336.0,0.14442944526672363,12.077926635742188,4.266524492817082,4.597717126249249,45.22608184814453,459.34246826171875,97.79810333251953,326.3071594238281,33.36606979370117
IMG_5761.png,109.11433410644531,81.77253723144531,67.00054168701172,0.13885089755058289,0.024400534108281136,6.0,4.0,2.0,0.30274661635015704,1178660480.0,0.1708633005619049,12.700517654418945,4.638517081862243,4.9552206458670796,46.77996063232422,524.5416870117188,110.26112365722656,489.8959655761719,49.8559455871582
IMG_5762.png,100.73336029052734,76.05715942382812,58.560665130615234,0.17468422651290894,0.028673330321907997,8.0,5.0,3.0,0.34203136333103334,1338031104.0,0.12137427926063538,12.337638854980469,4.627502878578818,4.980109688225147,46.33304977416992,519.9913330078125,106.05841827392578,386.4721374511719,43.201690673828125
IMG_5763.png,101.50090026855469,80.59269714355469,60.047691345214844,0.15123018622398376,0.01749519631266594,6.0,5.0,2.0,0.3119650514827462,1262980096.0,0.13543520867824554,12.4789457321167,4.7099085595138135,5.021724620532669,45.451053619384766,501.334228515625,104.85369110107422,404.51171875,44.580039978027344
IMG_5764.png,108.57487487792969,84.81078338623047,65.1707992553711,0.11179814487695694,0.016464706510305405,5.0,4.0,2.0,0.2727550251189548,1153680384.0,0.1642228215932846,12.836249351501465,4.693510641921702,4.988946570754231,48.02393341064453,532.6049194335938,110.66083526611328,492.4862060546875,51.12918472290039
IMG_6256.png,98.52449035644531,76.53254699707031,61.78194808959961,0.14726203680038452,0.01812167279422283,5.0,4.0,2.0,0.3154634083648117,1366327808.0,0.14716392755508423,12.316253662109375,4.313008801319272,4.6853652069791325,47.91417694091797,503.9325256347656,105.77952575683594,383.3639831542969,36.27044677734375
IMG_6257.png,100.40953826904297,81.49993896484375,68.77600860595703,0.13093328475952148,0.018538592383265495,5.0,4.0,2.0,0.2806458212577708,1184027392.0,0.1775408387184143,12.811695098876953,4.658077488620926,4.965561273177536,47.20635986328125,517.4437255859375,110.52058410644531,507.4381408691406,50.13679885864258
IMG_6258.png,90.06688690185547,69.84012603759766,56.074058532714844,0.24181199073791504,0.034016285091638565,7.0,5.0,3.0,0.38927157969368453,1725828096.0,0.09524136781692505,11.565552711486816,4.139969907048322,4.5680857431226745,46.82122039794922,437.01715087890625,92.27007293701172,251.1431884765625,27.623167037963867
IMG_6259.png,90.0918960571289,69.91960144042969,55.908443450927734,0.18494120240211487,0.030968008562922478,7.0,5.0,3.0,0.38035760843137795,1685046272.0,0.09997393935918808,11.604132652282715,4.217184756229924,4.654940596525921,47.004554748535156,443.6490478515625,94.71102905273438,261.2249755859375,27.676856994628906
IMG_6019.png,76.44599151611328,61.30413055419922,51.05644226074219,0.3845391273498535,0.06540116667747498,23.0,13.0,4.0,0.49199009106270564,1738564864.0,0.0779777243733406,10.964935302734375,4.021064827472321,4.462228985730404,41.21009063720703,420.9019775390625,88.62446594238281,304.2022399902344,37.61495590209961
IMG_6020.png,86.26548767089844,71.62759399414062,61.671478271484375,0.29527321457862854,0.051820412278175354,21.0,9.0,2.0,0.39258174393812906,1422612608.0,0.10968440026044846,12.207263946533203,4.281158580592001,4.619577547006671,43.05366516113281,453.2008361816406,97.58606719970703,497.79144287109375,55.52244186401367
IMG_6021.png,88.14630126953125,73.24017333984375,62.70025634765625,0.2741898000240326,0.048829250037670135,18.0,9.0,2.0,0.3886077120251329,1418705664.0,0.11386694759130478,12.199787139892578,4.272652735810867,4.61487747926868,43.310611724853516,458.5057373046875,98.40217590332031,491.6474914550781,54.01953125
IMG_6022.png,83.5547103881836,68.95709228515625,59.623924255371094,0.288778692483902,0.04852752387523651,18.0,10.0,3.0,0.40762145730746163,1504955136.0,0.10171084105968475,11.975162506103516,4.211613838867208,4.569405035862653,42.67283630371094,445.7224426269531,96.1201400756836,453.6739196777344,51.20439910888672
IMG_5902.png,86.20804595947266,66.11393737792969,52.63839340209961,0.298024445772171,0.030283624306321144,9.0,6.0,3.0,0.4138230095299466,1785491712.0,0.08078143745660782,11.473163604736328,3.9057875954449512,4.362973113259284,45.50601577758789,421.86962890625,89.208984375,243.1486358642578,28.31050682067871
IMG_5904.png,103.09791564941406,80.46673583984375,65.58438110351562,0.18297047913074493,0.02510417439043522,8.0,5.0,2.0,0.31730130415434715,1273133184.0,0.1495576798915863,12.690279006958008,4.485175129706449,4.773061540902099,45.06024169921875,483.4061279296875,103.32938385009766,516.713134765625,53.02056884765625
IMG_5905.png,98.82011413574219,79.16966247558594,62.849708557128906,0.18232902884483337,0.026331963017582893,7.0,5.0,2.0,0.3231455356387217,1362566784.0,0.13713984191417694,12.498416900634766,4.41507947214623,4.790467831447987,47.591060638427734,491.5587463378906,104.88707733154297,452.5542907714844,45.87009811401367
IMG_6152.png,89.43060302734375,68.68325805664062,59.123443603515625,0.2023935765028,0.026509298011660576,10.0,6.0,3.0,0.36976663371126256,1428853376.0,0.1159980520606041,12.093564987182617,4.415649351529842,4.822125348939593,44.54328918457031,464.2665710449219,100.52018737792969,373.67138671875,39.638912200927734
IMG_6153.png,73.44245910644531,56.13909149169922,43.41282653808594,0.3246283531188965,0.0420953631401062,15.0,9.0,4.0,0.4932255728091578,1852503936.0,0.05347088724374771,10.756824493408203,3.9873926218427456,4.471031992177282,39.915958404541016,367.94903564453125,77.26161193847656,169.62448120117188,23.119937896728516
IMG_6155.png,77.2647705078125,60.5035285949707,48.537227630615234,0.3031391203403473,0.041113775223493576,15.0,8.0,4.0,0.4602430914543705,1760751872.0,0.06906740367412567,11.150409698486328,4.11585724426037,4.573362408135089,41.901611328125,401.349609375,85.75382995605469,217.1024169921875,26.95448112487793
IMG_5830.png,106.85184478759766,82.04635620117188,63.2181510925293,0.11656081676483154,0.015646908432245255,5.0,4.0,2.0,0.29208868758962464,1223151104.0,0.1667006015777588,12.521018981933594,4.381305882942408,4.713324003355557,47.69845962524414,515.7271728515625,107.58829498291016,404.7446594238281,40.110450744628906
IMG_5831.png,102.3622817993164,81.10409545898438,68.15555572509766,0.11324696242809296,0.014355646446347237,5.0,4.0,2.0,0.26726450970380217,1126639616.0,0.17837123572826385,12.879449844360352,4.790114190477834,5.066288083180037,46.58340072631836,518.9122924804688,109.44609832763672,511.6795349121094,51.147361755371094
IMG_5832.png,106.73814392089844,82.43291473388672,67.20619201660156,0.12068724632263184,0.018495680764317513,5.0,4.0,2.0,0.2718874705660822,1121776768.0,0.18013036251068115,12.867707252502441,4.709401531471368,4.992214009105964,46.624046325683594,519.2576293945312,109.64261627197266,503.07666015625,51.20806884765625
IMG_5833.png,98.77855682373047,78.96500396728516,67.30550384521484,0.12528982758522034,0.020086873322725296,5.0,4.0,2.0,0.29215469500779906,1166652800.0,0.1730765551328659,12.696763038635254,4.73307910050686,5.026224965922795,46.526222229003906,520.2532958984375,109.04492950439453,452.312255859375,45.71233367919922
IMG_6360.png,80.56503295898438,66.333984375,56.61272430419922,0.3115066885948181,0.04203091189265251,17.0,11.0,3.0,0.4402804266188524,1622472960.0,0.09344705194234848,11.673749923706055,4.288021228945049,4.65462440429286,42.61186981201172,440.97900390625,94.36127471923828,372.7598876953125,43.24262619018555
IMG_6361.png,70.92314910888672,56.38018035888672,42.264530181884766,0.3916502892971039,0.04253813251852989,15.0,10.0,4.0,0.516258610025593,2019454336.0,0.05171644687652588,10.671451568603516,3.856670494194575,4.325866250451185,39.981807708740234,353.4289245605469,76.1974105834961,178.55592346191406,25.568199157714844
IMG_6362.png,87.61874389648438,74.17900848388672,64.58699035644531,0.1983279287815094,0.026428785175085068,10.0,6.0,2.0,0.3424111089630331,1364844672.0,0.12905797362327576,12.540599822998047,4.42139941815363,4.72694626320445,44.175987243652344,467.9049072265625,102.14250183105469,500.9733581542969,53.470943450927734
IMG_6363.png,81.0975570678711,67.94427490234375,56.35837936401367,0.27615252137184143,0.034112490713596344,13.0,8.0,3.0,0.40480905741523554,1598722816.0,0.09382487833499908,11.933361053466797,4.199959911273925,4.668342790529613,44.674346923828125,473.3138427734375,101.8179702758789,390.09405517578125,41.8306770324707
IMG_6015.png,104.83723449707031,81.13607788085938,66.99956512451172,0.11634205281734467,0.018075158819556236,5.0,4.0,2.0,0.26748669211647547,1072902656.0,0.17318624258041382,12.973636627197266,4.740013707406913,5.020172805482388,45.580753326416016,519.298095703125,108.35598754882812,518.8726196289062,53.38512420654297
IMG_6016.png,100.13540649414062,79.29914855957031,65.2859115600586,0.11853307485580444,0.017181647941470146,6.0,4.0,2.0,0.2822369345678173,1116382976.0,0.1620246171951294,12.821264266967773,4.739212774677795,5.0335100334015985,45.4158935546875,515.3358154296875,107.5447998046875,476.2018737792969,49.915138244628906
IMG_6017.png,88.55863189697266,67.59004211425781,57.51347351074219,0.15446792542934418,0.024344468489289284,6.0,5.0,3.0,0.3583762260050266,1437501568.0,0.11406227946281433,11.783452987670898,4.431528266342063,4.819374502933125,45.20562744140625,460.7347106933594,96.12824249267578,259.5082702636719,27.389907836914062
IMG_6018.png,105.66400146484375,81.98441314697266,67.49515533447266,0.12321546673774719,0.018219612538814545,5.0,4.0,2.0,0.27003493600135825,1082438656.0,0.18139982223510742,12.874826431274414,4.710917607547218,4.998551201476053,46.28499984741211,515.7116088867188,109.30797576904297,500.2159423828125,50.40102767944336
IMG_5946.png,87.9218521118164,72.29781341552734,58.23569107055664,0.2549726963043213,0.0463997982442379,12.0,6.0,3.0,0.38218104132974207,1494651776.0,0.11139154434204102,12.066946029663086,3.936940131007808,4.420131337159824,45.749755859375,486.5372619628906,105.40644073486328,429.2999267578125,45.33127212524414
IMG_5947.png,81.2803955078125,65.80016326904297,56.806182861328125,0.30217522382736206,0.03973349556326866,13.0,7.0,3.0,0.4021624207325418,1620869632.0,0.09819455444812775,11.868069648742676,4.200418444528634,4.665197081818999,45.5462646484375,469.28240966796875,101.29166412353516,345.25006103515625,37.63077926635742
IMG_5949.png,84.45396423339844,69.6329345703125,58.82330322265625,0.2678905725479126,0.04429662972688675,14.0,7.0,3.0,0.3904503976852573,1530089472.0,0.10444655269384384,12.026836395263672,4.260744840212501,4.704004404563416,45.54853057861328,474.254150390625,102.87068939208984,419.0461120605469,45.07102966308594
IMG_6079.png,68.49284362792969,50.36824417114258,33.195831298828125,0.444843053817749,0.06126954033970833,21.0,14.0,6.0,0.5970055915483977,2280376576.0,0.02071502059698105,9.729494094848633,3.6452645190813047,4.225848999919117,37.459625244140625,297.46343994140625,61.19244384765625,113.3467025756836,22.008569717407227
IMG_6080.png,93.24497985839844,74.73379516601562,57.739715576171875,0.23820005357265472,0.03982558101415634,16.0,7.0,3.0,0.40312131413282853,1526744832.0,0.10759439319372177,11.979007720947266,4.360087092656014,4.7297309852931235,43.924095153808594,461.5040588378906,97.92862701416016,383.26141357421875,41.98027038574219
IMG_6081.png,93.04352569580078,75.45503997802734,59.089107513427734,0.1899299919605255,0.034903883934020996,12.0,6.0,3.0,0.37695802968673275,1501340416.0,0.11221390962600708,12.098732948303223,4.333345696415504,4.736265861996589,45.35444259643555,474.2994689941406,102.86618041992188,412.9173889160156,43.08677291870117
IMG_6082.png,79.45252990722656,60.75307083129883,46.83127212524414,0.32711827754974365,0.05746544897556305,25.0,13.0,4.0,0.5057836847398903,1842457344.0,0.0633714348077774,10.822851181030273,4.081408957484154,4.576246991397697,41.700889587402344,411.0450134277344,85.91375732421875,223.02528381347656,27.66151237487793
IMG_6240.png,105.35052490234375,87.45531463623047,72.45208740234375,0.10842400789260864,0.013504859991371632,5.0,3.0,2.0,0.23833877186315006,954847168.0,0.24017146229743958,13.265670776367188,4.5409130748336555,4.7914157065567,46.45722961425781,511.140380859375,110.3161392211914,644.569580078125,61.66960144042969
IMG_6241.png,106.39092254638672,86.80924987792969,72.55329132080078,0.11432397365570068,0.013338902965188026,4.0,3.0,2.0,0.2414301385248879,999822720.0,0.23600220680236816,13.199037551879883,4.433333333673957,4.708307065620165,47.24641799926758,518.24462890625,112.32121276855469,603.3585815429688,57.11455535888672
IMG_6242.png,110.70266723632812,91.27216339111328,72.98003387451172,0.10442247986793518,0.014109879732131958,4.0,3.0,2.0,0.23564436070955122,964346688.0,0.24216797947883606,13.280229568481445,4.507516669613266,4.755297093009644,46.65944290161133,518.2861328125,111.15829467773438,647.6432495117188,61.59849166870117
IMG_6243.png,100.81146240234375,79.17725372314453,65.75537872314453,0.17361974716186523,0.020788878202438354,6.0,4.0,2.0,0.3168567662742569,1266874240.0,0.17968766391277313,12.463312149047852,4.308505549537518,4.637401587731135,46.43857192993164,486.9578857421875,105.03590393066406,437.9772644042969,43.03284454345703
IMG_5999.png,81.1952896118164,64.23648834228516,51.839744567871094,0.22308294475078583,0.053362175822257996,22.0,12.0,3.0,0.4671007003035836,1683992832.0,0.08386659622192383,11.422595977783203,4.301473245925997,4.843967018791126,41.89257049560547,444.0039367675781,99.17050170898438,351.8619689941406,38.5990104675293
IMG_6000.png,74.64592742919922,59.03390121459961,44.865272521972656,0.2930234372615814,0.04394533485174179,14.0,9.0,4.0,0.4937070070006353,1996245120.0,0.05388503894209862,10.818197250366211,4.041160937340252,4.5392268924017625,41.486289978027344,391.87176513671875,82.5989990234375,201.14608764648438,25.768693923950195
IMG_6002.png,82.30004119873047,63.65485382080078,50.78033447265625,0.2680642902851105,0.0516839399933815,19.0,11.0,4.0,0.46919902079156584,1752191616.0,0.07751390337944031,11.28001594543457,4.2544060162771755,4.720927978846246,41.186180114746094,425.93426513671875,93.19172668457031,312.28936767578125,35.467594146728516
IMG_6087.png,101.62378692626953,80.04155731201172,66.15963745117188,0.1544618308544159,0.019150469452142715,5.0,4.0,2.0,0.2928206329864576,1203399936.0,0.17083758115768433,12.695786476135254,4.523003384737771,4.859455384628848,47.69047546386719,516.659912109375,109.63159942626953,478.7040710449219,47.150508880615234
IMG_6088.png,79.47076416015625,64.81132507324219,52.021087646484375,0.3016239106655121,0.043497901409864426,12.0,7.0,3.0,0.4345033804476425,1739708032.0,0.08282206952571869,11.406429290771484,4.1836953021939465,4.6480698737694635,44.5574951171875,445.15167236328125,92.68663024902344,239.91842651367188,26.962692260742188
IMG_6089.png,72.01226043701172,56.152523040771484,39.746253967285156,0.34632253646850586,0.05382828414440155,16.0,9.0,4.0,0.5145191143057287,2100826112.0,0.034934915602207184,10.48623275756836,3.7351633779388913,4.313089952698014,42.027835845947266,355.0845031738281,73.66646575927734,147.7003173828125,23.672752380371094
IMG_6090.png,91.86519622802734,75.5626220703125,59.43442916870117,0.21942339837551117,0.025729024782776833,8.0,5.0,3.0,0.34962790451814374,1428965504.0,0.12907227873802185,12.173185348510742,4.370289180146294,4.744067521820658,45.879390716552734,492.1889953613281,103.54380798339844,372.4600830078125,37.976722717285156
IMG_6220.png,96.32167053222656,78.68827819824219,64.88695526123047,0.17453867197036743,0.028469916433095932,6.0,4.0,2.0,0.3250606889087192,1322518400.0,0.15267851948738098,12.448856353759766,4.3205241859892745,4.669476855401318,46.687225341796875,494.87371826171875,106.19783020019531,450.1250305175781,44.48214340209961
IMG_6221.png,86.22596740722656,71.06299591064453,59.41956329345703,0.2003035545349121,0.040861569344997406,8.0,5.0,3.0,0.37303920337055174,1536610432.0,0.11600689589977264,11.913578033447266,4.228646175383265,4.691142133205806,48.089298248291016,491.6197814941406,104.10279846191406,360.4585876464844,36.04926681518555
IMG_6222.png,88.74212646484375,71.03734588623047,57.926239013671875,0.1794840544462204,0.03474161773920059,8.0,5.0,3.0,0.38573668270926303,1584235392.0,0.11161055415868759,11.730550765991211,4.148931705641806,4.5640035600082705,46.19145965576172,456.7017517089844,96.04063415527344,287.9897766113281,30.879026412963867
IMG_6223.png,78.49593353271484,61.8599739074707,47.37248992919922,0.30255258083343506,0.053812697529792786,16.0,7.0,4.0,0.4740136919050153,1987273728.0,0.05327889323234558,10.812177658081055,3.8893112010146114,4.382819065909051,43.900794982910156,382.81585693359375,80.49433135986328,186.6571044921875,25.480867385864258
IMG_6091.png,73.23445129394531,62.04874801635742,47.87009811401367,0.30668753385543823,0.04125839099287987,14.0,9.0,4.0,0.4737890267759453,1898050048.0,0.06502737104892731,11.114262580871582,4.311042851710344,4.74590436880062,42.464900970458984,396.1767272949219,84.9656753540039,239.08810424804688,30.05137825012207
IMG_6092.png,68.40288543701172,56.75231170654297,42.259803771972656,0.3259812593460083,0.055285096168518066,18.0,10.0,5.0,0.5233557516254207,2105370496.0,0.04234352335333824,10.564482688903809,4.018379580452346,4.501973194975759,40.254661560058594,341.3824768066406,73.16047668457031,161.4091033935547,24.0564022064209
IMG_6093.png,72.25824737548828,60.39592742919922,45.244041442871094,0.2808068096637726,0.050897374749183655,14.0,8.0,4.0,0.48244194070104446,1996078592.0,0.054781123995780945,10.886919021606445,4.021538990184527,4.484566904429869,42.36997985839844,364.4886779785156,77.82555389404297,187.36550903320312,26.073341369628906
IMG_6094.png,83.54326629638672,70.14034271240234,59.07487487792969,0.21923837065696716,0.03807533159852028,13.0,7.0,3.0,0.39850672089303985,1585352704.0,0.10132124274969101,11.952296257019043,4.4956553862266055,4.844065860957817,44.191246032714844,446.96533203125,96.73845672607422,375.5498046875,41.579280853271484
IMG_6083.png,85.21302795410156,67.74497985839844,55.90519332885742,0.237401083111763,0.03422432765364647,11.0,6.0,3.0,0.4062851770633797,1593827840.0,0.09693014621734619,11.733867645263672,4.203430918533108,4.619594485047775,43.96319580078125,451.63592529296875,95.64824676513672,301.4488830566406,32.89138412475586
IMG_6084.png,68.77217864990234,52.05950927734375,38.06666564941406,0.46590033173561096,0.07260383665561676,30.0,14.0,5.0,0.5790375497433133,2190786560.0,0.028574855998158455,10.016810417175293,3.8080356683641607,4.331367942464123,38.12962341308594,314.0,65.93571472167969,124.41787719726562,21.68427085876465
IMG_6085.png,83.7431411743164,65.57190704345703,51.479034423828125,0.33350709080696106,0.06019569933414459,28.0,13.0,4.0,0.4807512320842138,1699232512.0,0.08303643018007278,11.160133361816406,4.202708668011606,4.59950572003613,41.285186767578125,425.5143737792969,89.82837677001953,270.35430908203125,31.8356990814209
IMG_6086.png,94.02708435058594,75.25308990478516,59.157466888427734,0.22054921090602875,0.037458162754774094,11.0,6.0,3.0,0.3764422204023968,1457381760.0,0.1204315647482872,12.131715774536133,4.3199765497168,4.727462855549713,45.3250846862793,478.8919372558594,102.6273193359375,391.64404296875,40.72265625
IMG_5838.png,95.73738098144531,77.67071533203125,66.83467864990234,0.14349454641342163,0.015452638268470764,5.0,4.0,2.0,0.30489269352632725,1319800704.0,0.17256255447864532,12.253303527832031,4.3282930533892605,4.659759849927936,47.70811462402344,488.7949523925781,104.08300018310547,362.19140625,34.701412200927734
IMG_5839.png,111.12372589111328,90.08390808105469,71.53366088867188,0.0799604207277298,0.009996792301535606,4.0,3.0,2.0,0.21888578189542782,900232640.0,0.2576481103897095,13.322036743164062,4.465247890733205,4.705875127625585,46.98146057128906,525.8060302734375,112.04435729980469,646.5726928710938,61.45786666870117
IMG_5840.png,108.8095474243164,87.96454620361328,74.95166778564453,0.08800490200519562,0.010552369058132172,4.0,3.0,2.0,0.22149298302968584,944936000.0,0.2467949390411377,13.28352165222168,4.7054592870522045,4.942831293056582,47.351959228515625,528.8515625,113.06354522705078,617.5488891601562,59.31222152709961
IMG_5841.png,104.94164276123047,83.57421875,72.09576416015625,0.098765529692173,0.012813257984817028,4.0,3.0,2.0,0.24918114034282302,1028382272.0,0.22513727843761444,13.001761436462402,4.607817036822841,4.867524311944114,46.970184326171875,519.3071899414062,110.427001953125,529.8360595703125,51.320552825927734
IMG_6184.png,113.92323303222656,89.3142318725586,72.42523956298828,0.10247544944286346,0.01186380535364151,4.0,3.0,2.0,0.22779207222877348,965594432.0,0.22158627212047577,13.30147933959961,4.622624895188798,4.8627050585420974,46.81717300415039,522.4495239257812,111.87586212158203,647.2399291992188,62.72584533691406
IMG_6185.png,106.77110290527344,87.62420654296875,73.70135498046875,0.09744305908679962,0.010711506940424442,4.0,3.0,2.0,0.22425934947913295,973733824.0,0.2299869954586029,13.273035049438477,4.646829419949933,4.881663164138271,47.07940673828125,522.67724609375,112.23362731933594,619.7778930664062,59.9290885925293
IMG_6186.png,103.4870834350586,80.7502212524414,66.8359146118164,0.12036093324422836,0.015136884525418282,5.0,4.0,2.0,0.28393268395670723,1228318592.0,0.17121626436710358,12.615381240844727,4.524691200628893,4.817625003549465,47.013916015625,507.4031982421875,107.61795806884766,438.88427734375,42.57023239135742
IMG_6187.png,104.84609985351562,82.47285461425781,69.03655242919922,0.1266038864850998,0.013831655494868755,5.0,4.0,2.0,0.27878648476872087,1179243520.0,0.18855586647987366,12.679494857788086,4.5167583983487924,4.80678746578925,47.00563430786133,507.18438720703125,108.2326889038086,452.5711364746094,43.57322311401367
IMG_6128.png,111.08599853515625,91.24818420410156,72.55670166015625,0.0956152155995369,0.011237964034080505,4.0,3.0,2.0,0.22932219240435603,932300800.0,0.2497026026248932,13.29541015625,4.265953751671652,4.52766589962326,47.28559875488281,521.9678955078125,112.3194580078125,628.1265869140625,60.385162353515625
IMG_6129.png,103.21825408935547,82.43295288085938,72.2529525756836,0.10326741635799408,0.012386350892484188,4.0,3.0,2.0,0.25884100774365276,1085972992.0,0.22117295861244202,12.837888717651367,4.3653630002417385,4.649302780807856,47.07754135131836,513.3882446289062,110.0399169921875,494.00189208984375,46.197505950927734
IMG_6130.png,109.42157745361328,90.7629165649414,75.2352294921875,0.08552785217761993,0.009791381657123566,4.0,3.0,2.0,0.208734724674974,852394752.0,0.2765100598335266,13.500852584838867,4.6092170930613285,4.840798422606082,46.85385513305664,527.644287109375,113.42975616455078,701.0628662109375,66.48661041259766
IMG_6131.png,103.61846160888672,84.96881103515625,75.89602661132812,0.08522476255893707,0.010329694487154484,4.0,3.0,2.0,0.2226683731169301,916023232.0,0.261905699968338,13.266660690307617,4.554991036035593,4.800735305348841,46.911922454833984,527.966796875,113.30340576171875,620.5829467773438,57.57158660888672
IMG_6372.png,98.65513610839844,82.61322021484375,74.7082290649414,0.1054939553141594,0.013998668640851974,4.0,3.0,2.0,0.23764932175578046,954380544.0,0.23987673223018646,13.293304443359375,4.641815984465115,4.893448577007199,46.526100158691406,513.4598388671875,111.40982055664062,636.8739624023438,62.11997604370117
IMG_6373.png,98.55692291259766,83.88745880126953,75.19554901123047,0.09719658643007278,0.013408004306256771,4.0,3.0,2.0,0.22881221097646223,893448448.0,0.2635151147842407,13.40692138671875,4.6696223680273885,4.912087774591481,46.542449951171875,513.4432983398438,112.14861297607422,692.224609375,65.92498779296875
IMG_6374.png,98.22441101074219,85.1767349243164,71.93145751953125,0.1378220170736313,0.016155535355210304,5.0,3.0,2.0,0.2443267001243869,975002752.0,0.2220073938369751,13.304115295410156,4.597117170008477,4.844065860957816,46.13008117675781,512.09765625,110.9309310913086,673.9808349609375,66.23445129394531
IMG_6375.png,94.13880920410156,81.38851165771484,71.6640853881836,0.13942667841911316,0.018443891778588295,5.0,4.0,2.0,0.274255736372275,1100281472.0,0.2139168083667755,12.919576644897461,4.553877411296883,4.831047541050492,46.68758773803711,504.0813293457031,110.06431579589844,552.6864013671875,52.749603271484375
IMG_5874.png,100.75018310546875,77.85664367675781,70.28192901611328,0.11758747696876526,0.015226810239255428,5.0,4.0,2.0,0.279551610592563,1209518592.0,0.18752682209014893,12.600545883178711,4.638574245690028,4.927513345470481,47.80595779418945,517.1880493164062,108.8447494506836,437.05267333984375,41.28774642944336
IMG_5875.png,103.47149658203125,82.8010025024414,71.5427474975586,0.10440120846033096,0.012767691165208817,4.0,4.0,2.0,0.25490993276561014,1076428672.0,0.212736576795578,12.91445255279541,4.7006517625235045,4.99301563338091,48.72303009033203,534.598876953125,113.1965103149414,514.1276245117188,48.973052978515625
IMG_5876.png,105.3036117553711,83.68678283691406,74.06419372558594,0.10126620531082153,0.012665500864386559,4.0,3.0,2.0,0.23464189375892794,991304064.0,0.23236478865146637,13.181475639343262,4.778973977572171,5.0335100334015985,47.851890563964844,538.4375,114.84080505371094,604.0699462890625,58.298946380615234
IMG_5877.png,94.0955810546875,74.814453125,68.95687103271484,0.11282677203416824,0.01641402207314968,5.0,4.0,2.0,0.30350239357589526,1348523648.0,0.16336128115653992,12.249698638916016,4.511749541788159,4.8281775093800015,47.55316162109375,489.268798828125,103.67484283447266,352.8315124511719,33.61427688598633
IMG_6164.png,64.60010528564453,50.194515228271484,35.9033203125,0.42075949907302856,0.06887715309858322,24.0,16.0,6.0,0.5989818284963008,2233538560.0,0.02609526924788952,9.83840274810791,3.8337725191474874,4.361111133313656,36.98753356933594,292.9846496582031,62.379364013671875,131.11593627929688,24.989118576049805
IMG_6165.png,64.5692138671875,50.019927978515625,38.164878845214844,0.4108794927597046,0.05902646854519844,22.0,16.0,6.0,0.5938374890403016,2196399104.0,0.032239049673080444,9.823827743530273,3.989602505239193,4.477023540778434,37.22719192504883,320.0,66.6491470336914,135.73336791992188,22.68686294555664
IMG_6166.png,72.85973358154297,58.24163055419922,49.271724700927734,0.29231300950050354,0.0575777105987072,23.0,12.0,4.0,0.49943662601426897,1853781760.0,0.0687209814786911,11.001969337463379,4.195427932335873,4.648888436085512,41.75849533081055,414.656494140625,87.65984344482422,255.48394775390625,31.649154663085938
IMG_6167.png,67.27437591552734,52.75621795654297,38.826053619384766,0.4414352476596832,0.054860152304172516,21.0,15.0,5.0,0.5742109693768598,2174169344.0,0.03366101533174515,10.084903717041016,3.933106894998404,4.433951281342093,38.00139617919922,325.2814025878906,69.35692596435547,148.19248962402344,24.213289260864258
IMG_6272.png,102.5702133178711,82.99665069580078,67.39664459228516,0.12405645847320557,0.014519652351737022,5.0,4.0,2.0,0.2636558418567617,1152791680.0,0.17797349393367767,12.978349685668945,4.438173704710627,4.731480484676781,46.62881851196289,510.5408935546875,109.26070404052734,553.0806274414062,54.56501007080078
IMG_6273.png,95.81648254394531,79.9501953125,65.65381622314453,0.14855994284152985,0.01906212978065014,6.0,4.0,2.0,0.2951919157201081,1269075456.0,0.15766708552837372,12.715609550476074,4.509167019682044,4.818460503906619,46.457740783691406,495.0252380371094,107.20768737792969,489.66705322265625,49.29751205444336
IMG_6274.png,80.20001220703125,65.61917877197266,53.12077331542969,0.26029473543167114,0.03193584084510803,8.0,6.0,3.0,0.41004008695979666,1840352768.0,0.07721563428640366,11.394821166992188,4.130345135304818,4.567943639254981,45.408348083496094,413.6278381347656,88.9734115600586,228.53294372558594,26.17901039123535
IMG_5826.png,97.82906341552734,75.29920959472656,60.71514129638672,0.14515988528728485,0.018659120425581932,6.0,4.0,2.0,0.30583025478865467,1246731264.0,0.1454460173845291,12.503107070922852,4.284800033177795,4.683330675665793,46.76625442504883,513.2684326171875,107.21514129638672,398.7308654785156,39.3814582824707
IMG_5827.png,98.90884399414062,77.69690704345703,63.457149505615234,0.1233346164226532,0.019718773663043976,6.0,4.0,2.0,0.30190030668572276,1215160448.0,0.15229342877864838,12.554636001586914,4.2931823521189765,4.634232991546092,46.109378814697266,503.42230224609375,105.26046752929688,410.6524353027344,41.3951301574707
IMG_5829.png,103.16268920898438,82.74224853515625,64.84333038330078,0.1172264888882637,0.018254993483424187,5.0,4.0,2.0,0.282678521601936,1144699008.0,0.16670149564743042,12.831259727478027,4.336242152889905,4.619969024728012,45.762176513671875,519.48486328125,108.02375793457031,477.5790710449219,49.32126998901367
IMG_6328.png,102.32035064697266,83.44778442382812,67.78350067138672,0.18454305827617645,0.020226307213306427,7.0,4.0,2.0,0.28151176849940873,1087007488.0,0.1870238482952118,13.050149917602539,4.198589721050114,4.482532373116529,45.44252014160156,490.8487548828125,106.50408172607422,618.550048828125,62.17486572265625
IMG_6329.png,94.80347442626953,78.95137023925781,69.23018646240234,0.1606876701116562,0.017129817977547646,7.0,4.0,2.0,0.2798139483369252,1154068736.0,0.18625856935977936,12.90149974822998,4.38616969371896,4.6793130465387245,46.04209518432617,497.4333801269531,108.36194610595703,558.6564331054688,54.884647369384766
IMG_6330.png,95.18999481201172,77.55279541015625,70.22737884521484,0.14516879618167877,0.01746167615056038,6.0,4.0,2.0,0.2842195998142054,1162962432.0,0.18756748735904694,12.875545501708984,4.4227461978523825,4.723162232507451,46.54676818847656,500.2939147949219,108.6000747680664,542.0594482421875,52.23836135864258
IMG_6331.png,96.74555206298828,79.72933197021484,70.49938201904297,0.16500243544578552,0.016651885583996773,6.0,4.0,2.0,0.27921090835523205,1137998976.0,0.19917337596416473,12.879988670349121,4.409714926492994,4.714875818405838,46.61890411376953,502.2832946777344,109.3348388671875,534.9150390625,52.17087936401367
IMG_5799.png,96.41680908203125,81.45719146728516,68.5790023803711,0.15797147154808044,0.016903745010495186,7.0,4.0,2.0,0.28091404767049655,1182200320.0,0.16788142919540405,12.919133186340332,4.783546694391653,5.050916323947488,46.161285400390625,484.98712158203125,106.21880340576172,577.4586181640625,59.20193099975586
IMG_5800.png,81.99256896972656,65.62203216552734,56.40330123901367,0.2152508795261383,0.025601262226700783,9.0,6.0,3.0,0.38876400485661067,1592615296.0,0.10463673621416092,11.81076717376709,4.504614690440261,4.887056216268572,44.8006706237793,435.78607177734375,94.1784439086914,288.7282409667969,31.934112548828125
IMG_6103.png,101.7560806274414,79.87322998046875,59.14682388305664,0.22422702610492706,0.03325473517179489,8.0,5.0,2.0,0.33858950679758515,1316395136.0,0.13922220468521118,12.371164321899414,4.2081768173771055,4.578315398793243,45.29669952392578,490.4936218261719,104.62968444824219,429.26031494140625,44.000160217285156
IMG_6104.png,97.3380126953125,77.0098876953125,62.953025817871094,0.17794418334960938,0.027564387768507004,6.0,5.0,2.0,0.3211269680489196,1326260864.0,0.14200343191623688,12.470907211303711,4.467097327776038,4.831478823813942,46.73004150390625,500.27191162109375,106.76863861083984,437.70281982421875,44.083587646484375
IMG_6105.png,87.19945526123047,67.64456939697266,54.17998504638672,0.21086101233959198,0.024556972086429596,7.0,5.0,3.0,0.37086913725198817,1533139584.0,0.10200704634189606,11.735782623291016,3.9743431582588205,4.454841670628683,46.656280517578125,470.5486145019531,96.96791076660156,267.0787658691406,29.068161010742188
IMG_5918.png,105.20567321777344,81.26010131835938,63.28569412231445,0.13272395730018616,0.019492074847221375,6.0,4.0,2.0,0.29286401515673677,1206435840.0,0.15363530814647675,12.707602500915527,4.675630050859095,4.959720991257206,45.72337341308594,502.2549133300781,105.95573425292969,469.01458740234375,48.582828521728516
IMG_5919.png,93.20674896240234,71.6063232421875,57.741371154785156,0.19732291996479034,0.02502395585179329,7.0,5.0,3.0,0.36381400634055067,1511482240.0,0.10976381599903107,11.915243148803711,4.421970122237903,4.7791137013425065,44.737361907958984,461.1685791015625,97.09467315673828,303.187255859375,32.93706130981445
IMG_5920.png,93.27578735351562,70.6542739868164,56.16657257080078,0.2131498157978058,0.022937800735235214,7.0,5.0,3.0,0.37404007943009543,1604522112.0,0.09585186839103699,11.771352767944336,4.400310499243698,4.76497484914835,44.086944580078125,437.74365234375,92.59782409667969,267.6471862792969,29.52535057067871
IMG_5921.png,100.55363464355469,78.4139633178711,60.31216049194336,0.1724443882703781,0.019428620114922523,6.0,5.0,2.0,0.3164362317846672,1285299584.0,0.14007994532585144,12.457084655761719,4.552231446742686,4.859437620190365,45.1017951965332,496.1693115234375,103.81346130371094,401.40966796875,41.77622604370117
IMG_6068.png,69.88179779052734,55.911529541015625,36.15911865234375,0.38733968138694763,0.045467883348464966,15.0,10.0,5.0,0.5341668060211635,2185614592.0,0.029210209846496582,10.313743591308594,3.670611722895014,4.219164199906578,40.04187774658203,312.57000732421875,66.82855224609375,150.59556579589844,26.999521255493164
IMG_6069.png,84.41761016845703,71.1768569946289,59.38217544555664,0.2301868349313736,0.029044782742857933,12.0,7.0,3.0,0.38397304034569557,1549165824.0,0.10990068316459656,11.964616775512695,4.3161703709779955,4.677005791137216,44.112457275390625,454.2950439453125,97.40333557128906,391.4111633300781,42.20053482055664
IMG_6070.png,82.21719360351562,68.87645721435547,57.572383880615234,0.22978125512599945,0.036340679973363876,14.0,8.0,3.0,0.40728640811451006,1593984640.0,0.0999125987291336,11.838348388671875,4.270282000861725,4.638767213018425,43.43253707885742,442.44488525390625,94.6927261352539,375.0075988769531,42.519012451171875
IMG_6216.png,98.5333251953125,81.93385314941406,68.72528839111328,0.13314738869667053,0.017705732956528664,5.0,4.0,2.0,0.2711662907734283,1154214272.0,0.18608683347702026,12.937716484069824,4.3190532374381325,4.694684805771274,48.33075714111328,522.4117431640625,113.21644592285156,569.117431640625,53.47970962524414
IMG_6217.png,98.41685485839844,81.685546875,70.36367797851562,0.14765916764736176,0.021057860925793648,6.0,4.0,2.0,0.2824850610999192,1153577216.0,0.192239448428154,12.90882682800293,4.379725567012961,4.70678912665209,47.17822265625,505.6777648925781,109.70995330810547,553.4093627929688,52.499961853027344
IMG_6218.png,84.77088928222656,69.81719970703125,61.38839340209961,0.17238490283489227,0.0268312506377697,6.0,5.0,3.0,0.3590524662013453,1545626368.0,0.12408685684204102,11.93986988067627,4.133250915760655,4.5435881272832805,47.63746643066406,465.2510070800781,98.96931457519531,315.1278381347656,32.85865783691406
IMG_6219.png,78.94577026367188,65.38287353515625,50.430564880371094,0.251520574092865,0.04229051247239113,10.0,6.0,4.0,0.4315456170298675,1766898944.0,0.06556496024131775,11.200814247131348,3.774689503816145,4.242559925181276,43.29782485961914,388.97235107421875,81.54248809814453,207.040283203125,28.28447914123535
IMG_5882.png,110.90589141845703,89.13998413085938,68.6973876953125,0.12205186486244202,0.012060916982591152,5.0,4.0,2.0,0.24208221648839717,1032694848.0,0.21130144596099854,13.160468101501465,4.360894137818757,4.6040060654262565,46.270111083984375,504.0540466308594,108.41728973388672,600.375732421875,59.24812698364258
IMG_5883.png,102.20541381835938,79.17952728271484,70.05377197265625,0.12032745778560638,0.015610093250870705,5.0,4.0,2.0,0.2703542754467688,1105223936.0,0.2019926756620407,12.809717178344727,4.535114285556615,4.811287811179377,46.13551330566406,499.7474060058594,106.76995086669922,486.8419494628906,47.5474739074707
IMG_5884.png,95.40904235839844,76.5881118774414,67.13700103759766,0.12600494921207428,0.015159101225435734,5.0,4.0,2.0,0.3022802400493135,1338367104.0,0.16442285478115082,12.320732116699219,4.422873692916278,4.724195417197981,46.80530548095703,483.1001892089844,102.54951477050781,371.4959716796875,36.29173278808594
IMG_5885.png,108.38360595703125,88.33079528808594,70.87643432617188,0.09657824784517288,0.011536761187016964,4.0,3.0,2.0,0.2269669863907317,971854080.0,0.22854004800319672,13.32227611541748,4.677729836237209,4.904286114767414,46.19097900390625,510.5149230957031,108.8159408569336,642.6580200195312,62.954837799072266
IMG_6260.png,91.22542572021484,76.94973754882812,63.49446105957031,0.20421633124351501,0.022545713931322098,6.0,5.0,2.0,0.3098032936450816,1329225984.0,0.14576402306556702,12.633588790893555,4.222943148884202,4.657691442532389,48.33305740356445,509.2283020019531,110.12750244140625,485.5028076171875,47.136478424072266
IMG_6261.png,86.71546173095703,73.00013732910156,59.23020935058594,0.17934800684452057,0.017905959859490395,6.0,5.0,3.0,0.33489534796442744,1538216832.0,0.11776253581047058,12.090850830078125,4.0305429291526185,4.545106066251356,49.87830352783203,500.0325012207031,106.75861358642578,343.9346008300781,35.233577728271484
IMG_6262.png,86.296875,72.48834228515625,63.53984069824219,0.17118963599205017,0.018255211412906647,6.0,5.0,3.0,0.32572685202342916,1457253248.0,0.13464078307151794,12.283480644226074,4.256591965063479,4.6538200642390875,47.749420166015625,483.75042724609375,103.32804870605469,380.3290710449219,38.165138244628906
IMG_6148.png,73.17681884765625,57.85728073120117,45.13935089111328,0.36051833629608154,0.0735081136226654,26.0,11.0,4.0,0.5255878945215674,2061950208.0,0.04601603001356125,10.55294418334961,3.865745593690595,4.387121726965802,41.842559814453125,367.05926513671875,77.13568115234375,174.61236572265625,25.185667037963867
IMG_6150.png,82.44407653808594,66.88397216796875,56.48032760620117,0.23022766411304474,0.04868736490607262,13.0,6.0,3.0,0.41362268020455273,1719560320.0,0.09039680659770966,11.518804550170898,4.098676947640952,4.567443984950819,46.33684539794922,449.3573303222656,94.2209243774414,272.99462890625,30.505300521850586
IMG_6151.png,83.91360473632812,69.20181274414062,56.87605667114258,0.3034150004386902,0.06676320731639862,25.0,7.0,3.0,0.42353299836433383,1655386624.0,0.09384153038263321,11.424030303955078,4.118707542725253,4.610774540559794,46.283897399902344,473.6744384765625,98.5277099609375,330.09454345703125,35.75542068481445
IMG_6007.png,99.26171875,80.78338623046875,71.26387023925781,0.13178189098834991,0.02090834639966488,5.0,4.0,2.0,0.2638771758203494,1050880064.0,0.20898772776126862,12.996530532836914,4.383664443285299,4.737498769034982,48.17731475830078,525.1494750976562,113.50796508789062,559.74267578125,53.465641021728516
IMG_6008.png,83.21265411376953,65.29811096191406,56.193519592285156,0.17819057404994965,0.028486095368862152,6.0,5.0,3.0,0.3634764560581262,1435925504.0,0.10912834852933884,11.829377174377441,3.9792300900157076,4.428615435594813,44.6082763671875,447.4455261230469,94.12098693847656,260.5008544921875,30.041175842285156
IMG_6010.png,94.6474380493164,77.48210144042969,66.73178100585938,0.13526350259780884,0.021835224702954292,5.0,4.0,2.0,0.2757087453466939,1071536704.0,0.18941694498062134,12.897988319396973,4.420890765224298,4.769991786883741,46.61573791503906,512.4080810546875,109.55828094482422,521.1941528320312,51.177852630615234
IMG_6403.png,99.14022827148438,82.20557403564453,67.31612396240234,0.1501305252313614,0.01983996294438839,6.0,4.0,2.0,0.29577151193579315,1267637248.0,0.16037127375602722,12.749149322509766,4.369980926900846,4.693134408658356,46.58061599731445,492.8199462890625,106.43186950683594,512.666748046875,50.78264617919922
IMG_6404.png,93.36503601074219,80.00645446777344,65.42223358154297,0.16769935190677643,0.016008926555514336,5.0,4.0,2.0,0.2893206108346545,1271933440.0,0.16116027534008026,12.727925300598145,4.243176124261596,4.702156063013069,50.02191925048828,523.0745849609375,112.76651763916016,502.1540222167969,47.32094955444336
IMG_6405.png,96.32232666015625,78.63922882080078,67.49916076660156,0.15389114618301392,0.019018178805708885,6.0,4.0,2.0,0.29631223454287375,1193959296.0,0.17431411147117615,12.771867752075195,4.47283721920418,4.784130639077898,45.940940856933594,501.0234375,106.26897430419922,517.3024291992188,50.371971130371094
IMG_6406.png,74.75918579101562,61.26301574707031,46.280513763427734,0.35356825590133667,0.061324603855609894,14.0,8.0,4.0,0.4957686893594288,2063992320.0,0.045889753848314285,10.68600082397461,3.8201125823836755,4.3059941458285085,42.13893127441406,346.0780334472656,73.89178466796875,173.3966827392578,25.703125
IMG_5765.png,103.52720642089844,80.11087036132812,65.0243148803711,0.12419354915618896,0.014869891107082367,5.0,4.0,2.0,0.27151235118137185,1116526976.0,0.17304228246212006,12.895222663879395,4.7527716240584805,5.022957527571062,46.52808380126953,520.232666015625,109.23938751220703,500.7191162109375,51.51498794555664
IMG_5766.png,90.41413879394531,65.81074523925781,55.58523941040039,0.12386283278465271,0.04316319525241852,17.0,9.0,3.0,0.4157045412031315,1468338560.0,0.10140782594680786,11.566036224365234,4.428868894553961,5.000619608871599,42.170875549316406,485.2890930175781,104.11875915527344,414.41192626953125,43.38113784790039
IMG_5767.png,101.39244079589844,78.68788146972656,68.54530334472656,0.10581265389919281,0.015952883288264275,5.0,4.0,2.0,0.2838396942438737,1151990144.0,0.18322989344596863,12.800422668457031,4.638456493662696,4.932278787226045,46.20185089111328,518.3198852539062,109.53695678710938,492.1746520996094,49.254425048828125
IMG_5768.png,105.42613983154297,82.49691009521484,70.29253387451172,0.0877830907702446,0.015164295211434364,5.0,4.0,2.0,0.24811322658146473,1011442624.0,0.21216832101345062,13.087969779968262,4.74567639821289,5.007585768338513,47.176551818847656,526.0779418945312,111.355712890625,558.8811645507812,56.12077331542969
IMG_6232.png,104.84999084472656,84.39612579345703,65.07308197021484,0.10757122188806534,0.013260609470307827,5.0,4.0,2.0,0.2556750252338379,1019966656.0,0.19279195368289948,13.066568374633789,4.504969137114718,4.761041860525045,45.25840759277344,508.9435119628906,107.07787322998047,544.5327758789062,55.589881896972656
IMG_6233.png,104.5615234375,83.84867095947266,67.9023666381836,0.1122397854924202,0.01474423985928297,5.0,4.0,2.0,0.26093596434896826,1084128768.0,0.18278466165065765,12.982732772827148,4.595210409622186,4.857688120806707,45.68276596069336,516.6468505859375,108.49549865722656,534.0737915039062,53.36619186401367
IMG_6234.png,95.95358276367188,71.3253173828125,62.18092346191406,0.15739135444164276,0.018388206139206886,6.0,4.0,3.0,0.3244403773646583,1309470976.0,0.1396443396806717,12.182194709777832,4.460125550340506,4.780863200726163,44.506561279296875,473.2060546875,99.68193817138672,330.23992919921875,34.124881744384766
IMG_6235.png,101.62621307373047,82.78659057617188,67.18130493164062,0.12194382399320602,0.014557228423655033,5.0,4.0,2.0,0.2549767821749217,1055302336.0,0.18629129230976105,13.0799560546875,4.6028199268596355,4.8718269730008625,45.65122985839844,511.6658935546875,108.55290985107422,554.7244873046875,56.1588020324707
IMG_5814.png,109.16259002685547,88.6436538696289,69.55964660644531,0.08887234330177307,0.0126518988981843,4.0,3.0,2.0,0.23975252800339858,1001741632.0,0.21228912472724915,13.162935256958008,4.449746240732887,4.714875818405839,46.66062545776367,516.5147705078125,109.78990173339844,563.8565063476562,56.73401641845703
IMG_5815.png,102.85923767089844,79.88508605957031,65.52262115478516,0.1245386078953743,0.015589749440550804,5.0,4.0,2.0,0.2951524202299237,1257195776.0,0.17279605567455292,12.454345703125,4.311718449348413,4.631482145539624,47.38077163696289,502.16033935546875,105.74076843261719,385.7575378417969,37.75358581542969
IMG_5816.png,110.99147033691406,85.54364776611328,70.04808807373047,0.08492160588502884,0.012088524177670479,4.0,3.0,2.0,0.23129339769673574,963763264.0,0.22037459909915924,13.193674087524414,4.664769777511329,4.916390435648231,47.086936950683594,528.3374633789062,111.58119201660156,591.1719970703125,58.720306396484375
IMG_5817.png,103.60415649414062,82.0947494506836,71.72977447509766,0.09019303321838379,0.012770120054483414,4.0,4.0,2.0,0.24620662955134245,1038384448.0,0.21165227890014648,13.017301559448242,4.702126217340417,4.966289744042877,46.947593688964844,516.1395263671875,110.52867126464844,543.2898559570312,52.47357177734375
IMG_5938.png,75.86407470703125,62.394290924072266,47.83782958984375,0.31594303250312805,0.03617488592863083,11.0,7.0,4.0,0.4412938894783676,1871292160.0,0.06717130541801453,11.223438262939453,3.9600232548569556,4.496399858854808,45.58599853515625,431.83099365234375,90.78347778320312,242.1759796142578,28.750198364257812
IMG_5939.png,70.22534942626953,58.60756301879883,44.52943801879883,0.3613363802433014,0.04205089434981346,13.0,8.0,4.0,0.4782332925309036,1959494272.0,0.05786289647221565,10.99038028717041,4.031134134774494,4.563517347769171,43.17033386230469,391.2013244628906,84.30705261230469,199.5318145751953,24.618980407714844
IMG_5940.png,68.95358276367188,57.382633209228516,41.1186408996582,0.3076630234718323,0.04798603802919388,13.0,8.0,4.0,0.49433824473087773,2089854976.0,0.039505086839199066,10.695015907287598,3.7522425463016007,4.2989853315706865,42.411102294921875,350.1885070800781,74.43634033203125,162.19007873535156,24.882293701171875
IMG_5941.png,74.4814224243164,61.625160217285156,47.15415573120117,0.3617382347583771,0.04067927971482277,16.0,9.0,4.0,0.4635209555135851,1834984576.0,0.07174424827098846,11.295148849487305,4.0996633119308274,4.629275646642711,44.34840393066406,433.5158386230469,92.47196197509766,263.2624206542969,30.168527603149414
IMG_6063.png,109.0292739868164,86.77740478515625,69.59634399414062,0.14297828078269958,0.01578400656580925,5.0,4.0,2.0,0.26343861655836587,1088999424.0,0.19170716404914856,13.043648719787598,4.628074088206866,4.908820336239747,46.74969482421875,516.824951171875,109.79300689697266,574.3930053710938,56.113319396972656
IMG_6064.png,102.84538269042969,79.51168060302734,66.34414672851562,0.14091768860816956,0.019097890704870224,5.0,4.0,2.0,0.29450940877122556,1192936192.0,0.17183507978916168,12.614059448242188,4.518030640727144,4.816908688856337,45.694862365722656,496.0871887207031,105.79766845703125,434.52532958984375,43.275909423828125
IMG_6065.png,98.736328125,76.05311584472656,64.81047058105469,0.17365147173404694,0.020846642553806305,5.0,4.0,3.0,0.3274459817744026,1361285760.0,0.15415802597999573,12.206120491027832,4.4232186103437385,4.7496030899158015,46.835472106933594,470.1217956542969,101.73776245117188,357.9028625488281,34.81409454345703
IMG_6066.png,110.8845443725586,88.92890930175781,70.15716552734375,0.11238116770982742,0.013462726958096027,5.0,4.0,2.0,0.2385930163226763,1001991872.0,0.21010452508926392,13.221363067626953,4.690178385148741,4.9412794780063,46.65727233886719,519.8653564453125,111.03305053710938,610.6922607421875,60.326011657714844
IMG_6391.png,72.64379119873047,60.50789260864258,45.16872787475586,0.3165331780910492,0.04063880816102028,13.0,9.0,4.0,0.4739831913437749,1951934080.0,0.05684365704655647,11.060051918029785,4.001409353514742,4.551355911025141,44.13749694824219,409.4868469238281,85.80781555175781,219.69174194335938,30.26753807067871
IMG_6392.png,79.99834442138672,68.20826721191406,60.02413558959961,0.2268834412097931,0.03496333211660385,10.0,6.0,3.0,0.36645196070594904,1529472512.0,0.10804743319749832,12.17049789428711,4.410002939351189,4.802769836662182,45.88268280029297,465.8642578125,101.03289031982422,419.806884765625,46.02734375
IMG_6393.png,71.8625259399414,62.22721862792969,47.33986282348633,0.26499176025390625,0.04404085874557495,10.0,7.0,4.0,0.4561272777676053,1956855552.0,0.05763380974531174,11.099588394165039,3.850103695025664,4.378835312864189,44.49345016479492,403.88116455078125,84.99332427978516,217.01612854003906,29.828004837036133
IMG_6394.png,81.60303497314453,70.30049896240234,60.864017486572266,0.21250030398368835,0.028574885800480843,9.0,6.0,3.0,0.3526784776958361,1473061504.0,0.11612750589847565,12.351192474365234,4.277376114616698,4.662225664004722,45.76459503173828,471.16607666015625,101.12224578857422,441.1473693847656,47.196189880371094
IMG_6252.png,103.70479583740234,85.0402603149414,70.23182678222656,0.09472238272428513,0.012831230647861958,5.0,3.0,2.0,0.2465589800945347,1012960384.0,0.21562442183494568,13.100340843200684,4.655890750633426,4.922959188433904,46.751731872558594,521.4930419921875,110.67597198486328,559.2603759765625,55.15202331542969
IMG_6253.png,105.66376495361328,82.37145233154297,69.20452117919922,0.11265755444765091,0.017221810296177864,5.0,4.0,2.0,0.26100495029314136,1073954304.0,0.19624868035316467,13.003664016723633,4.625900496811076,4.894681484045593,46.063323974609375,514.870361328125,109.06574249267578,543.046875,54.179290771484375
IMG_6254.png,99.64811706542969,79.85955810546875,68.94837951660156,0.11519043147563934,0.01594667322933674,5.0,4.0,2.0,0.2763794299674647,1136247040.0,0.19235247373580933,12.737260818481445,4.58473276475785,4.8657917506015576,46.53535461425781,508.4859924316406,107.90806579589844,468.98199462890625,45.05719757080078
IMG_6255.png,95.52323913574219,75.1912841796875,64.14317321777344,0.16036131978034973,0.022012004628777504,5.0,4.0,2.0,0.3195243695378268,1338180608.0,0.14961707592010498,12.236955642700195,4.434148201830588,4.785363546116292,46.525699615478516,482.738525390625,102.0060806274414,354.9478759765625,34.9946174621582
IMG_6320.png,90.54625701904297,74.70404052734375,64.85533142089844,0.18458636105060577,0.027507007122039795,9.0,5.0,2.0,0.3264745612774765,1309128960.0,0.15049423277378082,12.524699211120605,4.459586566219299,4.768758879845349,45.08935546875,480.714599609375,103.405029296875,479.5743713378906,49.168087005615234
IMG_6321.png,82.90260314941406,67.94349670410156,56.46065902709961,0.2446421980857849,0.02959822490811348,9.0,6.0,3.0,0.38614268391760503,1636667264.0,0.10271400958299637,11.84220027923584,4.127941075574312,4.591984017565039,46.394081115722656,463.3627014160156,98.78170013427734,319.8904724121094,34.240272521972656
IMG_6323.png,72.4755859375,59.101741790771484,43.763275146484375,0.3506161868572235,0.045693039894104004,14.0,8.0,4.0,0.49045009693639247,2045415296.0,0.048124607652425766,10.739439964294434,3.8150924940082556,4.3379705713320025,42.865570068359375,364.9369812011719,77.7179946899414,175.5140838623047,25.536151885986328
IMG_5802.png,93.65142822265625,80.97564697265625,72.50279235839844,0.11162807792425156,0.01451479084789753,5.0,4.0,2.0,0.26644438803402337,1141197312.0,0.19357791543006897,12.921634674072266,4.6427098817325545,4.90480270711268,46.27629089355469,491.402099609375,107.29034423828125,542.14013671875,53.17346954345703
IMG_5803.png,100.72789764404297,81.35174560546875,72.00667572021484,0.12677687406539917,0.01550175342708826,5.0,4.0,2.0,0.2738898759099346,1160496128.0,0.1863577663898468,12.931406021118164,4.7889751772032865,5.055416669337615,46.76793670654297,497.78057861328125,108.13225555419922,545.4815673828125,54.48210144042969
IMG_5804.png,85.98158264160156,71.06452941894531,60.73467254638672,0.18701830506324768,0.020705267786979675,7.0,5.0,3.0,0.3609497276332158,1597795840.0,0.11774691939353943,11.86343765258789,4.456653456528725,4.80882199710259,46.070045471191406,443.62371826171875,95.9178237915039,298.3111877441406,30.87854766845703
IMG_5805.png,97.45659637451172,82.00996398925781,71.56298065185547,0.11875241249799728,0.01351270079612732,5.0,4.0,2.0,0.2591911596544849,1108247680.0,0.20048241317272186,13.016456604003906,4.755512560322744,4.998266169546373,46.562625885009766,501.92626953125,108.43803405761719,572.8853149414062,56.79456329345703
IMG_6204.png,103.76815795898438,82.56481170654297,66.52774047851562,0.1270187497138977,0.014985721558332443,5.0,4.0,2.0,0.27816298517456184,1183410688.0,0.16700750589370728,12.798334121704102,4.586667417893317,4.875094411352595,46.789894104003906,515.6127319335938,108.28592681884766,508.25921630859375,51.63432693481445
IMG_6205.png,106.48033142089844,83.72355651855469,69.05715942382812,0.1104726493358612,0.013602187857031822,5.0,4.0,2.0,0.25311908740959604,1068228416.0,0.19265364110469818,13.036214828491211,4.6053862689908,4.8698181584373295,46.61940002441406,514.5079956054688,109.96956634521484,561.2256469726562,55.49936294555664
IMG_6206.png,105.72098541259766,81.35901641845703,66.8418197631836,0.11381078511476517,0.01541557814925909,5.0,4.0,2.0,0.27650001675932706,1137775744.0,0.18068349361419678,12.83743953704834,4.64166253987641,4.928692440862426,46.725303649902344,522.0454711914062,108.96800231933594,510.8125305175781,51.36754608154297
IMG_6207.png,105.28174591064453,82.98358154296875,67.8719711303711,0.10489530861377716,0.015488937497138977,5.0,4.0,2.0,0.26594295563126014,1128870400.0,0.18230627477169037,12.915014266967773,4.581958295063615,4.863023966553987,47.59764099121094,523.9122314453125,110.03701782226562,525.55224609375,51.71352767944336
IMG_5898.png,97.45661163330078,82.50213623046875,63.9672966003418,0.18715819716453552,0.02524465136229992,9.0,5.0,2.0,0.3308138393441291,1345071744.0,0.13866716623306274,12.583900451660156,4.361625354417041,4.662808241441714,45.27079772949219,480.94281005859375,103.61087036132812,498.0870056152344,52.054847717285156
IMG_5899.png,100.52102661132812,80.51924896240234,63.8177604675293,0.17850005626678467,0.024392075836658478,8.0,5.0,2.0,0.3286012040219209,1346818048.0,0.13776451349258423,12.553743362426758,4.406346093968755,4.695917712809668,44.588165283203125,468.5851135253906,101.47644805908203,486.90655517578125,51.025508880615234
IMG_5900.png,82.6495132446289,69.34791564941406,54.247650146484375,0.2386079728603363,0.02805180288851261,8.0,6.0,3.0,0.3899892626244039,1634164992.0,0.097514308989048,11.807470321655273,4.17929737532806,4.731248924261199,48.39324188232422,498.0757751464844,103.48089599609375,313.08642578125,32.654056549072266
IMG_5901.png,92.8543930053711,76.15541076660156,63.32527542114258,0.18993788957595825,0.02333196811378002,9.0,5.0,2.0,0.33848714961820475,1363582848.0,0.13883860409259796,12.448660850524902,4.545155614375143,4.877162818748142,45.88639831542969,484.33251953125,103.67548370361328,451.2776794433594,46.47676086425781
IMG_6312.png,91.00342559814453,76.86156463623047,66.93877410888672,0.18208497762680054,0.025415439158678055,8.0,5.0,2.0,0.31761517965268726,1300252032.0,0.14592638611793518,12.658876419067383,4.44720687388312,4.750119682261065,45.1802978515625,478.8835754394531,103.41214752197266,506.5104675292969,52.778778076171875
IMG_6313.png,72.77018737792969,61.08964538574219,48.6929817199707,0.2784072756767273,0.04629484936594963,14.0,8.0,4.0,0.45875262084277024,1839283712.0,0.07336585968732834,11.26449203491211,3.9942988109308835,4.4868011580910725,44.09166717529297,421.38818359375,89.78704833984375,242.63870239257812,29.389429092407227
IMG_6315.png,73.72357177734375,62.24025344848633,48.00617980957031,0.3041492700576782,0.04833216220140457,12.0,7.0,4.0,0.44977106887231616,1848963456.0,0.06845436990261078,11.276926040649414,3.9507451395419655,4.465239146916751,44.89771270751953,437.2230224609375,91.0654525756836,257.16461181640625,31.047035217285156
IMG_5858.png,102.77704620361328,82.86659240722656,69.03143310546875,0.118297278881073,0.01504065003246069,5.0,4.0,2.0,0.25895264884527097,1058994176.0,0.21681207418441772,12.928773880004883,4.468716839166952,4.727781763561601,46.14976501464844,513.497802734375,109.43070220947266,529.289306640625,51.169044494628906
IMG_6336.png,87.083984375,75.01331329345703,62.686405181884766,0.22455240786075592,0.024906395003199577,9.0,5.0,2.0,0.3493520149652221,1426197888.0,0.12567661702632904,12.384943962097168,4.257159915868347,4.601312425802811,45.082176208496094,468.2264099121094,101.16374206542969,449.7096862792969,47.03352355957031
IMG_6337.png,88.82198333740234,75.72090148925781,62.19224166870117,0.2364540547132492,0.03192473202943802,13.0,7.0,2.0,0.3671504362178153,1427543936.0,0.11278323829174042,12.399850845336914,4.47260720987641,4.764660612588331,43.18351364135742,449.0216979980469,97.4710464477539,493.2729187011719,55.25271224975586
IMG_6338.png,85.6992416381836,72.38082122802734,62.53069305419922,0.21652117371559143,0.025604059919714928,10.0,6.0,2.0,0.3526612602408964,1412307200.0,0.12692660093307495,12.286945343017578,4.389327062378907,4.716910349719178,44.416961669921875,463.2493896484375,100.4988021850586,449.9825134277344,48.32549285888672
IMG_6339.png,80.3603744506836,70.0392837524414,61.05414962768555,0.25874266028404236,0.029943903908133507,11.0,6.0,3.0,0.38783464805934115,1563391232.0,0.11290331184864044,11.966324806213379,4.31359893918986,4.6549453054798215,43.57554626464844,442.87921142578125,95.81815338134766,355.9568786621094,38.58302688598633
IMG_5786.png,104.53996276855469,86.4981689453125,75.60630798339844,0.0899597778916359,0.012417412362992764,4.0,3.0,2.0,0.2168152395375668,907781632.0,0.26088178157806396,13.388591766357422,4.636184321238409,4.866725992170672,46.94915008544922,518.418212890625,112.23759460449219,673.0578002929688,63.98600769042969
IMG_5787.png,100.92139434814453,84.0819091796875,74.57183074951172,0.08185312151908875,0.012427703477442265,4.0,3.0,2.0,0.2256263668476628,919896128.0,0.2423408329486847,13.379472732543945,4.655118692797012,4.891896761956917,45.95573425292969,514.1084594726562,110.26184844970703,656.4880981445312,63.67478561401367
IMG_5788.png,101.04159545898438,81.88813018798828,75.38729858398438,0.09605100005865097,0.01265246793627739,4.0,3.0,2.0,0.2341737060160328,973306240.0,0.24279581010341644,13.162490844726562,4.557597439778938,4.8118474233136865,47.14081573486328,523.7079467773438,111.61676788330078,611.907470703125,57.30755615234375
IMG_5789.png,102.11663055419922,83.36679077148438,75.15142822265625,0.10000940412282944,0.012380039319396019,4.0,3.0,2.0,0.24956964591252423,1046231872.0,0.2421409785747528,12.91512680053711,4.45966662746938,4.746102053133996,48.13897705078125,517.4625244140625,110.97917175292969,517.5379028320312,47.98764419555664
IMG_6180.png,104.58538055419922,86.13346862792969,71.77704620361328,0.08654744923114777,0.012414716184139252,4.0,3.0,2.0,0.23727092820423473,987591296.0,0.23146207630634308,13.156526565551758,4.670054810849528,4.921726281395509,47.487579345703125,519.9072265625,111.40180206298828,586.1392211914062,56.84199523925781
IMG_6181.png,102.38243103027344,78.51187896728516,67.6893310546875,0.10711615532636642,0.0149772884324193,5.0,4.0,2.0,0.28509649345245835,1183773568.0,0.1848727911710739,12.612142562866211,4.520180675452819,4.80882199710259,46.64067459106445,500.6679992675781,107.2667236328125,435.6715087890625,41.81517028808594
IMG_6182.png,99.01901245117188,77.7361068725586,66.23120880126953,0.12447585165500641,0.016074445098638535,5.0,4.0,2.0,0.29606703394996203,1235777536.0,0.1778576821088791,12.480569839477539,4.45783572759973,4.773259225235474,46.97342300415039,491.85772705078125,105.10428619384766,404.8714294433594,39.078006744384766
IMG_6183.png,104.49834442138672,81.36009216308594,69.0489273071289,0.1025928482413292,0.014533756300807,5.0,4.0,2.0,0.2686297576226418,1116761856.0,0.1984577476978302,12.81042766571045,4.557799785569547,4.836681951312325,46.821617126464844,502.0333557128906,107.66252899169922,491.2757568359375,47.60642623901367
IMG_5910.png,109.47211456298828,86.00023651123047,65.41545867919922,0.15415380895137787,0.020011575892567635,6.0,4.0,2.0,0.2926768125980676,1223526656.0,0.15565608441829681,12.83061695098877,4.692968788064677,4.959720991257205,45.80744934082031,501.9925231933594,107.59153747558594,526.5149536132812,54.757694244384766
IMG_5911.png,98.81724548339844,75.65360260009766,59.066505432128906,0.19311285018920898,0.02426915429532528,7.0,5.0,3.0,0.3632508963649123,1522977664.0,0.12025277316570282,12.020587921142578,4.509843990756712,4.847652207321437,45.68757629394531,466.0096435546875,99.34307098388672,331.3824157714844,34.25657653808594
IMG_5912.png,111.81015014648438,85.91448211669922,65.79932403564453,0.15121261775493622,0.01758073829114437,6.0,4.0,2.0,0.2837869608176238,1194933504.0,0.15975454449653625,12.867295265197754,4.726083903791379,5.001533607898103,46.18844223022461,507.2967224121094,107.8996353149414,542.14306640625,55.46902847290039
IMG_5913.png,107.67837524414062,86.17144012451172,65.65658569335938,0.15045444667339325,0.01982126012444496,6.0,4.0,2.0,0.29041922113248414,1199212672.0,0.16700929403305054,12.85312271118164,4.723721177407365,5.001533607898104,46.46100997924805,507.968994140625,108.5272216796875,533.70751953125,54.250160217285156
IMG_6364.png,95.37571716308594,78.63626098632812,64.28132629394531,0.18165266513824463,0.023711737245321274,10.0,5.0,2.0,0.3261119415157824,1285277440.0,0.1492127776145935,12.667093276977539,4.21266962841363,4.532200121095594,45.06401824951172,486.9234924316406,104.8894271850586,537.8944702148438,54.591636657714844
IMG_6365.png,90.07872009277344,72.42945098876953,62.82190704345703,0.22689154744148254,0.02886781468987465,11.0,6.0,2.0,0.3498523993256333,1356658944.0,0.13191892206668854,12.44958782196045,4.321811546613341,4.648371843740248,44.45283508300781,465.6280517578125,100.85810089111328,465.6300964355469,50.30337142944336
IMG_6366.png,88.06451416015625,72.33406066894531,59.73603057861328,0.2772262394428253,0.03454633057117462,14.0,9.0,3.0,0.39356718137305574,1481626880.0,0.10143481194972992,12.18118667602539,4.394648009490892,4.713642911367446,42.49375534057617,450.19769287109375,97.19661712646484,470.27496337890625,53.501155853271484
IMG_6367.png,89.84909057617188,75.9558334350586,65.96878814697266,0.1865135282278061,0.03082340769469738,11.0,5.0,2.0,0.32824292748817496,1254930944.0,0.14977610111236572,12.639760971069336,4.337188369329284,4.64601840441502,44.993621826171875,486.9024658203125,104.29177856445312,543.013427734375,55.628665924072266
IMG_6348.png,88.08750915527344,71.85124206542969,60.666751861572266,0.2669498026371002,0.04422753304243088,19.0,8.0,3.0,0.40447535782237215,1451052928.0,0.11277053505182266,11.951699256896973,4.3881118972287405,4.717341632482624,42.49708557128906,447.1549072265625,96.63471221923828,412.3843078613281,45.902381896972656
IMG_6349.png,88.78746795654297,71.68746185302734,60.049922943115234,0.24690604209899902,0.04333442822098732,20.0,7.0,3.0,0.39558714192979666,1462068096.0,0.12162632495164871,12.030094146728516,4.216528253358519,4.614877479268679,44.879249572753906,472.6605529785156,101.0260009765625,413.2375183105469,43.23186492919922
IMG_6350.png,79.08529663085938,64.4267578125,55.4068489074707,0.24845968186855316,0.04032549262046814,14.0,7.0,3.0,0.4225757331827249,1646608640.0,0.09405020624399185,11.556013107299805,4.122066956183061,4.5654645172094455,44.731536865234375,446.349609375,94.60862731933594,296.88909912109375,32.936065673828125
IMG_6351.png,91.57079315185547,76.32917785644531,64.68548583984375,0.21183595061302185,0.028888776898384094,12.0,5.0,2.0,0.3422997639995684,1286213632.0,0.14717286825180054,12.428739547729492,4.435013001759512,4.760155595746335,44.74424362182617,484.02117919921875,103.42264556884766,484.8829650878906,49.71380615234375
IMG_5962.png,115.02459716796875,88.69774627685547,68.02503204345703,0.12695759534835815,0.014953396283090115,5.0,4.0,2.0,0.25308262623217265,1015595328.0,0.20407162606716156,13.104703903198242,4.3112639737277005,4.590583527925228,46.858238220214844,531.9967041015625,112.2557144165039,565.6737060546875,56.899513244628906
IMG_5963.png,95.54342651367188,72.3185806274414,62.118743896484375,0.13567200303077698,0.019547443836927414,6.0,4.0,2.0,0.3194037379123856,1272680448.0,0.1440824419260025,12.344717979431152,4.433646220695026,4.776043947324151,45.82646179199219,498.7188415527344,103.72960662841797,361.1670837402344,36.78507614135742
IMG_5964.png,91.1132583618164,71.2830810546875,60.96986770629883,0.1517806053161621,0.019481349736452103,6.0,4.0,3.0,0.33495007013484435,1386404352.0,0.13225476443767548,12.092281341552734,4.3928057771838205,4.7546200276511925,46.169639587402344,492.79815673828125,101.26065063476562,307.3826599121094,31.789899826049805
IMG_5965.png,104.89030456542969,82.30445098876953,66.42904663085938,0.12029442191123962,0.015505813993513584,5.0,4.0,2.0,0.2567074576918274,1028356736.0,0.17952875792980194,13.116386413574219,4.445899450624022,4.744386429832544,45.80183029174805,524.0138549804688,110.44568634033203,564.6813354492188,57.055564880371094
IMG_5854.png,97.76293182373047,80.49589538574219,69.30313110351562,0.1038370132446289,0.013750068843364716,5.0,4.0,2.0,0.2703050022529393,1181827456.0,0.1895500123500824,12.7323637008667,4.530663688155227,4.798985805965183,46.85332489013672,496.412109375,107.04259490966797,474.2934875488281,46.86878204345703
IMG_5855.png,93.05215454101562,74.95390319824219,65.23625183105469,0.13467466831207275,0.01799984835088253,5.0,4.0,2.0,0.3150226924894205,1389069440.0,0.14948579668998718,12.272842407226562,4.478449512911322,4.7868814850843675,46.650413513183594,475.0789489746094,101.84396362304688,361.8251647949219,35.59809494018555
IMG_5856.png,91.45266723632812,74.69718933105469,67.27750396728516,0.13891145586967468,0.016202572733163834,5.0,4.0,2.0,0.3020673020817304,1350344192.0,0.15493914484977722,12.358656883239746,4.66848717216355,4.9642213366473324,46.603092193603516,482.2364501953125,104.422119140625,381.0137023925781,37.45145034790039
IMG_5857.png,91.21217346191406,73.47160339355469,64.4181900024414,0.1475631296634674,0.02121199108660221,6.0,4.0,3.0,0.3276375469338055,1447905792.0,0.13931642472743988,12.134822845458984,4.473221715252047,4.785363546116292,46.097877502441406,462.4478454589844,99.2294921875,340.9365234375,33.63911056518555
IMG_6288.png,105.7597885131836,89.74525451660156,75.75757598876953,0.09047858417034149,0.010432389564812183,4.0,3.0,2.0,0.21312226991236435,871281152.0,0.2820090353488922,13.436756134033203,4.29132739592995,4.527380867693577,46.78034210205078,511.43133544921875,111.57727813720703,693.6201171875,65.34251403808594
IMG_6289.png,103.05299377441406,87.50253295898438,76.73959350585938,0.0863732174038887,0.010065031237900257,4.0,3.0,2.0,0.21229913435140482,887892032.0,0.2658395767211914,13.477376937866211,4.586035123298608,4.816639834536702,46.86162567138672,510.7308349609375,111.36083984375,716.3151245117188,67.07987976074219
IMG_6290.png,101.1866226196289,85.81592559814453,77.291015625,0.0987112894654274,0.011146930046379566,4.0,3.0,2.0,0.2230545649350534,894136192.0,0.280852347612381,13.325967788696289,4.513862257625089,4.759829508503262,47.075225830078125,512.5309448242188,112.11026000976562,651.31982421875,61.6224479675293
IMG_6291.png,100.1094741821289,84.2442398071289,75.73896026611328,0.10985676944255829,0.011282935738563538,4.0,3.0,2.0,0.23900937415978335,984079936.0,0.25495612621307373,13.158878326416016,4.457548251964101,4.7176605404945136,47.26820373535156,510.0269775390625,111.34622955322266,603.404052734375,56.347415924072266
IMG_6176.png,100.17516326904297,81.13851165771484,71.71946716308594,0.09948735684156418,0.013652520254254341,5.0,3.0,2.0,0.24980139671439922,1027892288.0,0.21624639630317688,13.08076286315918,4.5366159015857495,4.795002052920322,46.06208801269531,510.28765869140625,110.54723358154297,575.3267822265625,54.9849739074707
IMG_6177.png,97.81080627441406,75.31816101074219,66.9276123046875,0.13680078089237213,0.01582174003124237,5.0,4.0,2.0,0.304224624354731,1235761920.0,0.1766870766878128,12.443825721740723,4.370208523094469,4.677597423237272,45.90248489379883,476.4451904296875,102.70689392089844,398.19647216796875,38.92450714111328
IMG_6178.png,95.80195617675781,76.48698425292969,67.5595932006836,0.1331493854522705,0.015198459848761559,5.0,4.0,2.0,0.29403942096929053,1257381376.0,0.17289508879184723,12.481466293334961,4.43399383355444,4.739248268418643,46.77622985839844,487.0179748535156,104.93424987792969,409.708251953125,39.185585021972656
IMG_6179.png,106.28954315185547,86.6230697631836,73.802734375,0.09503035247325897,0.011206506751477718,4.0,3.0,2.0,0.2211077356869214,913692544.0,0.24657182395458221,13.403154373168945,4.638621109362588,4.869042250912187,46.45805358886719,510.77685546875,110.83816528320312,674.1525268554688,65.14472961425781
IMG_6317.png,89.19971466064453,70.11953735351562,57.08669662475586,0.2485329508781433,0.04276030883193016,13.0,7.0,3.0,0.40099443901439463,1616388864.0,0.10236485302448273,11.804723739624023,4.03451292777269,4.421132683782634,44.165382385253906,450.92181396484375,96.70858001708984,341.7532958984375,37.08334732055664
IMG_6043.png,87.78204345703125,75.74864196777344,66.06771850585938,0.18616503477096558,0.02758602984249592,7.0,5.0,2.0,0.3221884467430416,1355517696.0,0.13891349732875824,12.572879791259766,4.385653439672622,4.77604394732415,46.76594543457031,493.4622497558594,106.80552673339844,488.3607177734375,48.93630599975586
IMG_6044.png,87.5655517578125,73.37689208984375,64.86991882324219,0.19359977543354034,0.03867756202816963,8.0,5.0,2.0,0.33376007079806347,1355708800.0,0.14055855572223663,12.444160461425781,4.390174091315329,4.785682454128178,47.14521789550781,486.816162109375,105.79110717773438,471.2583923339844,48.3852424621582
IMG_6045.png,82.24603271484375,69.56070709228516,59.024993896484375,0.21342125535011292,0.030120346695184708,8.0,5.0,3.0,0.366061191053328,1559782912.0,0.11151975393295288,12.04684829711914,4.046379565052436,4.5051417911608045,47.30002212524414,478.08001708984375,100.87406158447266,347.97930908203125,37.04536056518555
IMG_6046.png,79.97891235351562,65.56761932373047,52.815269470214844,0.2924385368824005,0.037856895476579666,9.0,6.0,3.0,0.42405472217017504,1828048768.0,0.07242386043071747,11.474457740783691,3.8434395142389213,4.329452596814806,46.10511779785156,425.6647644042969,89.52974700927734,260.4831237792969,32.94746398925781
IMG_6304.png,88.76528930664062,70.16226959228516,56.56879806518555,0.23196502029895782,0.038221780210733414,8.0,5.0,3.0,0.3743728964711751,1505141248.0,0.10826747119426727,11.902036666870117,4.259367801258729,4.693883181496328,46.06544494628906,476.29559326171875,98.8651123046875,325.1183776855469,33.44845962524414
IMG_6305.png,88.94957733154297,74.26122283935547,57.277103424072266,0.20130646228790283,0.03252732753753662,7.0,5.0,3.0,0.3497873802181666,1433169408.0,0.12008623778820038,12.160248756408691,4.221510104323362,4.694684805771273,47.94084548950195,501.64129638671875,105.1549072265625,363.0793151855469,36.27634811401367
IMG_6306.png,84.33137512207031,67.8973617553711,54.48847961425781,0.20902590453624725,0.026186633855104446,7.0,5.0,3.0,0.3783065739242304,1611937536.0,0.09493433684110641,11.704219818115234,4.085283598436012,4.570856150423621,46.62495422363281,452.10064697265625,95.49172973632812,259.932373046875,28.810348510742188
IMG_6307.png,78.97148132324219,61.139251708984375,43.99830627441406,0.35397568345069885,0.04225044697523117,8.0,7.0,4.0,0.45725922572090605,1985167232.0,0.0400162935256958,10.889019012451172,3.703735751940554,4.246972922975097,43.6594123840332,361.80657958984375,75.06022644042969,166.62582397460938,25.987125396728516
IMG_6352.png,81.60485076904297,67.96932983398438,56.13151550292969,0.30568811297416687,0.045742299407720566,19.0,10.0,3.0,0.4317273844529885,1584028160.0,0.09464801102876663,11.648900985717773,4.20146448500254,4.5829010537651875,42.14933395385742,445.6007080078125,95.07894897460938,378.6453857421875,43.68981170654297
IMG_6353.png,81.88731384277344,69.82503509521484,57.79362487792969,0.31003278493881226,0.040414344519376755,15.0,7.0,3.0,0.3981571997477583,1506569600.0,0.10711419582366943,11.992584228515625,4.103997596624851,4.572779830698099,45.189788818359375,486.9322204589844,101.98863220214844,393.2459716796875,41.81736373901367
IMG_6354.png,88.60723876953125,73.25511932373047,62.2856330871582,0.2067086547613144,0.02563406340777874,9.0,5.0,2.0,0.34220334359937077,1406796032.0,0.1289413422346115,12.436970710754395,4.331627559407889,4.6930607102687425,45.49349594116211,471.0408630371094,101.8460922241211,458.79168701171875,47.15130615234375
IMG_6355.png,72.19258117675781,58.27301788330078,43.866310119628906,0.38238725066185,0.04121751710772514,14.0,9.0,4.0,0.48305701898386755,1932765312.0,0.06057101488113403,10.984798431396484,3.9604569768764923,4.469195145197319,42.60315704345703,400.21990966796875,85.22451782226562,219.6455535888672,27.96870994567871
IMG_6248.png,108.34609985351562,88.98505401611328,67.55211639404297,0.09754641354084015,0.012732253409922123,5.0,3.0,2.0,0.23554173021365377,948267968.0,0.2204725444316864,13.292957305908203,4.396057301126735,4.640762446699545,45.4208869934082,508.0354309082031,108.6390380859375,617.1456909179688,61.94140625
IMG_6249.png,102.87737274169922,84.93157958984375,69.72933197021484,0.1028478816151619,0.014959074556827545,5.0,3.0,2.0,0.24364262649291643,959077440.0,0.2163030058145523,13.23269271850586,4.615547643338671,4.856971806113578,44.905052185058594,500.0,107.97595977783203,604.676513671875,60.636199951171875
IMG_6250.png,95.09538269042969,78.76227569580078,65.4861068725586,0.13405944406986237,0.018045861274003983,6.0,4.0,2.0,0.29520497108776167,1181955072.0,0.17871098220348358,12.593560218811035,4.4395658826025866,4.730963892331518,45.24542999267578,486.84033203125,104.12871551513672,443.3032531738281,44.406288146972656
IMG_6251.png,103.5879135131836,84.91085052490234,68.8661117553711,0.11554298549890518,0.015449306927621365,5.0,4.0,2.0,0.2519973602886717,1022118848.0,0.20265693962574005,13.119529724121094,4.616150871562482,4.877162818748143,45.457969665527344,501.0788269042969,107.62213134765625,573.4097900390625,57.79779052734375
IMG_6300.png,102.60758209228516,85.4650650024414,68.34227752685547,0.11899320781230927,0.013979448936879635,5.0,4.0,2.0,0.2582155344252373,1107533440.0,0.18728920817375183,13.027521133422852,4.587549657894343,4.852868867404693,46.462921142578125,513.6885375976562,109.50236511230469,569.5428466796875,56.53647232055664
IMG_6301.png,100.30084228515625,80.43795776367188,67.99473571777344,0.12332584708929062,0.015956254675984383,5.0,4.0,2.0,0.28201264963421924,1220929536.0,0.17093370854854584,12.78868293762207,4.518134317118893,4.808821997102589,46.75925827026367,504.368408203125,108.14584350585938,503.5538635253906,49.846580505371094
IMG_6302.png,90.67616271972656,72.39823913574219,62.22530746459961,0.16909265518188477,0.01844550296664238,6.0,4.0,3.0,0.33051351597310086,1449245184.0,0.13445551693439484,12.08018684387207,4.327555381704697,4.683813391928852,47.31233215332031,477.0639343261719,100.38017272949219,327.6072998046875,33.02180480957031
IMG_6303.png,90.22305297851562,71.36963653564453,60.777523040771484,0.1841062307357788,0.022214513272047043,6.0,5.0,3.0,0.35580027165878986,1585737216.0,0.11115872859954834,11.871809005737305,4.2703923615238235,4.635982490929749,46.09805679321289,450.2538146972656,95.6495590209961,294.5019226074219,30.911191940307617
IMG_6292.png,98.52901458740234,81.06529235839844,71.57832336425781,0.11318725347518921,0.01336890272796154,5.0,4.0,2.0,0.2639502441097894,1080196992.0,0.2216445654630661,12.90691089630127,4.3295041049113285,4.608308726483007,46.735050201416016,506.829345703125,109.34764099121094,524.3782958984375,50.06696319580078
IMG_6293.png,100.60188293457031,84.09807586669922,73.65834045410156,0.10896585136651993,0.013853181153535843,5.0,3.0,2.0,0.24206219975155957,994571392.0,0.23207685351371765,13.202445983886719,4.430336327986708,4.692435652083455,46.46503448486328,507.75732421875,110.52576446533203,613.1691284179688,58.86096954345703
IMG_6294.png,97.7345962524414,81.56975555419922,73.70621490478516,0.11945643275976181,0.01561147253960371,5.0,3.0,2.0,0.25821977522816275,1047994368.0,0.22528798878192902,13.047727584838867,4.486483322696118,4.752353935922269,46.75756072998047,506.3348693847656,110.06221771240234,566.454345703125,54.52806091308594
IMG_6295.png,103.07142639160156,85.63895416259766,73.82939910888672,0.12234228104352951,0.013750226236879826,4.0,3.0,2.0,0.2373693376946425,991196160.0,0.2352370023727417,13.231727600097656,4.455449623957235,4.7155921330989665,46.68383026123047,509.29412841796875,110.33145904541016,630.9978637695312,59.80345153808594
IMG_6244.png,109.33872985839844,89.66667175292969,74.3125228881836,0.08850868791341782,0.012985799461603165,4.0,3.0,2.0,0.21520865471254633,855606208.0,0.2786717712879181,13.43726921081543,4.450986904469902,4.695401120464403,47.267822265625,527.0294189453125,112.90341186523438,692.181396484375,64.88349151611328
IMG_6245.png,104.18004608154297,84.63127899169922,74.70569610595703,0.09370923042297363,0.014287063851952553,4.0,3.0,2.0,0.2413288379853936,960707712.0,0.25884488224983215,13.084809303283691,4.484231925561899,4.765974157756673,47.552589416503906,530.8766479492188,112.89891815185547,577.9830932617188,53.51681900024414
IMG_6246.png,106.28065490722656,87.54212951660156,75.36377716064453,0.08693411946296692,0.01343610044568777,4.0,3.0,2.0,0.23215565621323425,910893504.0,0.26731187105178833,13.271078109741211,4.540062058473767,4.790581177811834,46.72227096557617,517.7620239257812,111.40250396728516,632.3207397460938,59.08928680419922
IMG_6247.png,105.79705810546875,88.85365295410156,76.60985565185547,0.09063654392957687,0.011844298802316189,4.0,3.0,2.0,0.2163584092528143,873533888.0,0.2706814408302307,13.441774368286133,4.645028763825653,4.883612385869792,46.74186325073242,527.0597534179688,112.8388671875,702.358642578125,65.58446502685547
IMG_5890.png,107.20005798339844,88.51448822021484,71.69316101074219,0.10910017788410187,0.014948642812669277,5.0,3.0,2.0,0.23850823822682615,953968832.0,0.23364898562431335,13.341766357421875,4.294790023702531,4.539251590144325,46.07170867919922,502.68927001953125,110.06354522705078,683.7869873046875,65.20695495605469
IMG_5891.png,95.25691223144531,77.4346923828125,69.86433410644531,0.13874223828315735,0.016509953886270523,5.0,4.0,2.0,0.29123484142438605,1201393664.0,0.20278532803058624,12.630314826965332,4.300407552726748,4.623395453785876,47.53715515136719,493.0887145996094,106.13874816894531,457.6233215332031,43.035274505615234
IMG_5892.png,90.5810317993164,76.56600952148438,67.05528259277344,0.15771886706352234,0.016485173255205154,5.0,4.0,2.0,0.3120285252339098,1336818944.0,0.1700895130634308,12.297904968261719,4.277317026354209,4.604970795749969,46.97291946411133,471.4493408203125,101.9156265258789,378.4316711425781,36.65019226074219
IMG_5893.png,99.95625305175781,82.78545379638672,72.8322525024414,0.10385463386774063,0.013554577715694904,5.0,3.0,2.0,0.2439914775427968,1017335040.0,0.22679346799850464,13.170709609985352,4.583549444964608,4.848368522014564,46.789833068847656,506.5096130371094,110.4428939819336,607.173828125,57.80201721191406
IMG_6188.png,80.26359558105469,66.18833923339844,54.61948013305664,0.27949437499046326,0.04564262926578522,17.0,9.0,3.0,0.44058977795469173,1674395904.0,0.08713211119174957,11.48891544342041,4.2492060305543,4.716108725444231,43.856842041015625,450.3931884765625,96.84882354736328,343.084716796875,38.628509521484375
IMG_6189.png,79.47811889648438,67.15774536132812,54.4136848449707,0.2564002573490143,0.03485918417572975,11.0,7.0,3.0,0.4051200536377664,1627728256.0,0.09328318387269974,11.915435791015625,4.166458751067057,4.628499739117572,44.93134307861328,459.2983703613281,98.83920288085938,350.7109375,39.012874603271484
IMG_6190.png,88.03009033203125,74.11549377441406,62.870296478271484,0.19102822244167328,0.02859010361135006,9.0,6.0,2.0,0.3528710404927393,1405737344.0,0.12659047544002533,12.39618968963623,4.403509226681074,4.735980830066909,44.54631042480469,466.15289306640625,100.11095428466797,451.4364318847656,47.561702728271484
IMG_6191.png,76.25634002685547,61.606842041015625,49.098812103271484,0.3527529835700989,0.06567420810461044,23.0,13.0,4.0,0.49058786451996844,1786774400.0,0.07155300676822662,11.15444278717041,4.152781537912472,4.6675276336697955,42.44731140136719,428.07708740234375,91.4914321899414,303.3289794921875,36.29065704345703
IMG_6324.png,101.482421875,80.25123596191406,60.85451126098633,0.1925089955329895,0.023703807964920998,10.0,6.0,2.0,0.3482049323948753,1395704832.0,0.1269684135913849,12.427148818969727,4.2194769188912,4.524432337353732,43.99170684814453,470.17230224609375,100.55310821533203,471.5802001953125,49.59458541870117
IMG_6325.png,82.35435485839844,64.00556182861328,48.42159652709961,0.2986200749874115,0.033204641193151474,11.0,7.0,4.0,0.45024627629559966,1907812480.0,0.06692725419998169,11.23065185546875,3.9703212674332975,4.432201781958435,43.94390106201172,400.20556640625,84.3796615600586,217.61788940429688,27.534757614135742
IMG_6326.png,79.11577606201172,64.77670288085938,46.330257415771484,0.2847885191440582,0.03405310958623886,11.0,7.0,4.0,0.4597290499763537,2010569344.0,0.05363615229725838,11.004474639892578,3.911999098589203,4.3872832948440905,43.80962371826172,373.04156494140625,79.30236053466797,193.20870971679688,26.240753173828125
IMG_6327.png,91.55540466308594,77.009765625,63.52349853515625,0.19775114953517914,0.021861497312784195,8.0,5.0,2.0,0.3367941730612671,1396719872.0,0.1367848515510559,12.459763526916504,4.403905526226659,4.732998423644857,45.829986572265625,476.7488708496094,102.3123550415039,431.0782775878906,44.829681396484375
IMG_5966.png,82.8260498046875,68.56672668457031,55.423309326171875,0.27665266394615173,0.03170989826321602,9.0,6.0,3.0,0.3780233529532172,1574722560.0,0.0993158295750618,12.073831558227539,4.230155457946929,4.779113701342507,47.889522552490234,498.026611328125,107.10102081298828,381.1786804199219,41.1157112121582
IMG_5967.png,80.0878677368164,66.21939086914062,55.40306091308594,0.21801336109638214,0.025172371417284012,7.0,5.0,3.0,0.3797769216627685,1673703424.0,0.09190148115158081,11.805419921875,4.035237723402361,4.506892309551706,47.06306457519531,462.1903381347656,96.85891723632812,297.5830993652344,33.807796478271484
IMG_5969.png,85.56722259521484,74.12623596191406,64.2557601928711,0.19335636496543884,0.024710968136787415,7.0,5.0,2.0,0.33056702427642914,1401358208.0,0.13122203946113586,12.459783554077148,4.34832409555087,4.700220373866417,45.825767517089844,477.3782653808594,102.86371612548828,448.81396484375,46.78766632080078
IMG_6212.png,84.2488021850586,71.27156066894531,62.79318618774414,0.20011954009532928,0.03203408047556877,9.0,5.0,3.0,0.3570631090588112,1453516160.0,0.12137505412101746,12.279319763183594,4.4109754105246415,4.7959597257449795,45.92231750488281,478.4939880371094,102.66487121582031,435.0035095214844,45.87312698364258
IMG_6213.png,77.4650650024414,66.6310806274414,56.92263412475586,0.27033156156539917,0.04365801438689232,15.0,8.0,3.0,0.41986215315839875,1605624448.0,0.0976455807685852,11.787324905395508,4.330247631052608,4.7630256274168286,44.45896530151367,456.333740234375,98.24288177490234,357.808349609375,39.353633880615234
IMG_6214.png,75.2489242553711,65.33329010009766,55.833984375,0.2377181351184845,0.04025646671652794,11.0,6.0,3.0,0.4038086883777991,1662209536.0,0.0919264629483223,11.791683197021484,4.2447371203249595,4.710056565003824,46.20237731933594,466.4075012207031,99.52914428710938,331.3670959472656,36.271724700927734
IMG_6215.png,70.12145233154297,57.522300720214844,42.54269027709961,0.32450366020202637,0.05083630606532097,17.0,10.0,4.0,0.5007060800824222,1998066176.0,0.04973013699054718,10.736381530761719,3.9007665467434016,4.4663261280323425,43.078731536865234,402.0715026855469,83.30488586425781,197.3955535888672,27.577089309692383
IMG_5870.png,104.69361877441406,84.64839935302734,70.38931274414062,0.11195682734251022,0.01438263151794672,5.0,4.0,2.0,0.2502975237886937,1040904640.0,0.2063843309879303,13.107887268066406,4.713562980964434,4.9642552127295385,46.85264587402344,519.2012939453125,110.39744567871094,576.9208374023438,56.82716751098633
IMG_5871.png,93.41292572021484,76.6435317993164,68.54840850830078,0.12125090509653091,0.018032532185316086,5.0,4.0,2.0,0.2895279682055135,1204729216.0,0.1863604485988617,12.561151504516602,4.572589432614926,4.886163509528396,47.67670440673828,506.83526611328125,107.08867645263672,413.4273376464844,39.95471954345703
IMG_5872.png,93.46259307861328,73.45774841308594,62.163326263427734,0.14484496414661407,0.023136358708143234,5.0,4.0,3.0,0.336250055959484,1425943680.0,0.13869234919548035,12.041423797607422,4.30845993399539,4.649604750778643,46.223358154296875,455.29827880859375,96.93843841552734,307.4147644042969,31.910354614257812
IMG_5873.png,104.15348052978516,83.21380615234375,70.9763412475586,0.10914891958236694,0.014116686768829823,4.0,3.0,2.0,0.24649020214744147,1003149312.0,0.21802636981010437,13.117389678955078,4.695598524973054,4.9403654789797935,46.24925994873047,515.0927124023438,110.08747863769531,569.5194091796875,55.85200119018555
IMG_6144.png,94.52300262451172,79.25077819824219,70.31901550292969,0.15142080187797546,0.023675275966525078,5.0,4.0,2.0,0.28441675307537284,1158681344.0,0.19162088632583618,12.88299560546875,4.38218963085652,4.720804059343528,47.680213928222656,506.3901672363281,109.53262329101562,544.158447265625,51.397003173828125
IMG_6145.png,90.1318588256836,75.7043228149414,64.26863098144531,0.16386748850345612,0.025149045512080193,6.0,5.0,2.0,0.32598990086409596,1381385472.0,0.14318940043449402,12.440378189086914,4.255236685452079,4.663227010627533,48.07364273071289,495.0580749511719,106.12435913085938,437.2557678222656,43.101165771484375
IMG_6146.png,83.45394134521484,68.62882995605469,58.046417236328125,0.2612379491329193,0.027417536824941635,7.0,5.0,3.0,0.36477099052752915,1563176960.0,0.11204647272825241,11.933830261230469,3.9799025366769776,4.461729331426245,47.62705612182617,483.0548400878906,102.08683776855469,325.8303527832031,34.39508819580078
IMG_6147.png,89.88311004638672,74.0604476928711,62.1956901550293,0.18392103910446167,0.02671845816075802,7.0,5.0,3.0,0.3405595897200783,1411012864.0,0.13728071749210358,12.295446395874023,4.190955482008115,4.613189500787025,47.671836853027344,493.8441162109375,103.85713958740234,400.9307861328125,40.103515625
IMG_5958.png,107.75482177734375,85.33394622802734,72.09465026855469,0.09935110062360764,0.01228403951972723,4.0,3.0,2.0,0.24595878761718865,1048852224.0,0.22601436078548431,13.014443397521973,4.640600095947329,4.916390435648231,48.27808380126953,531.692626953125,113.19580841064453,557.4666137695312,52.73222351074219
IMG_5959.png,101.38548278808594,80.05110168457031,69.66533660888672,0.13864314556121826,0.015170249156653881,5.0,4.0,2.0,0.28568182251606294,1211805184.0,0.19317865371704102,12.579164505004883,4.477313720542446,4.777561886292224,47.36530303955078,511.2283935546875,108.59223175048828,437.74835205078125,41.36997604370117
IMG_5960.png,102.36983489990234,80.17683410644531,69.64379119873047,0.12358685582876205,0.013683407567441463,5.0,4.0,2.0,0.2860914611332154,1245959552.0,0.18650707602500916,12.500371932983398,4.480892917958554,4.793769145881926,48.062538146972656,508.00592041015625,108.10725402832031,416.0165710449219,39.675819396972656
IMG_5961.png,102.65447998046875,80.51945495605469,70.16055297851562,0.12236233055591583,0.013626703992486,5.0,4.0,2.0,0.27663157968798446,1193784960.0,0.19771645963191986,12.583880424499512,4.507567285296852,4.807589090064194,47.8090934753418,516.093017578125,109.37137603759766,441.23260498046875,41.786033630371094
IMG_6168.png,83.8885498046875,69.08422088623047,54.04121398925781,0.2280632108449936,0.027304494753479958,10.0,6.0,3.0,0.3900325375864521,1622953344.0,0.09196243435144424,11.862222671508789,4.26244178754277,4.758206374014814,46.02718734741211,466.4118347167969,100.93999481201172,336.56591796875,36.78495788574219
IMG_6169.png,78.17097473144531,65.22196197509766,50.44377899169922,0.26037880778312683,0.04150852933526039,14.0,8.0,3.0,0.44203542637222865,1765198592.0,0.07662629336118698,11.415914535522461,4.012389434222447,4.491223004811847,43.90074157714844,431.8518371582031,91.37688446044922,266.65264892578125,30.174943923950195
IMG_6171.png,65.2844009399414,50.020687103271484,33.31084442138672,0.4477022588253021,0.06533270329236984,21.0,13.0,6.0,0.5883832783370838,2270594304.0,0.022388368844985962,9.857048034667969,3.700956979831075,4.264215405269816,37.441070556640625,284.7630615234375,61.31796646118164,116.39025115966797,21.905372619628906
IMG_6172.png,100.45491790771484,83.21695709228516,69.53276824951172,0.12787771224975586,0.01509125530719757,5.0,4.0,2.0,0.27127774482394684,1144796032.0,0.18898816406726837,12.888072967529297,4.521801601898336,4.810054904140983,46.6097297668457,507.99407958984375,108.28473663330078,514.1863403320312,50.35475158691406
IMG_6173.png,103.49531555175781,83.94184112548828,72.23893737792969,0.12072008103132248,0.01273967046290636,5.0,3.0,2.0,0.24640802917042137,1021134080.0,0.22481440007686615,13.128752708435059,4.602228448563296,4.858204713151971,46.55617141723633,513.1251831054688,110.85266876220703,593.9456787109375,56.88652038574219
IMG_6174.png,96.73399353027344,72.57425689697266,63.09396743774414,0.16308487951755524,0.019184328615665436,6.0,4.0,3.0,0.3311603133555144,1410169600.0,0.14091038703918457,12.152383804321289,4.309657749312813,4.652389472867316,46.46462631225586,477.85247802734375,100.86304473876953,345.63055419921875,34.120018005371094
IMG_6175.png,107.11880493164062,85.55269622802734,72.4004135131836,0.11189283430576324,0.012962829321622849,5.0,4.0,2.0,0.24362837423910402,1017637184.0,0.2126452922821045,13.200488090515137,4.641978218080237,4.881146571793005,45.92277526855469,503.6566162109375,108.8778305053711,617.618896484375,60.48014831542969
IMG_6276.png,109.03117370605469,88.33085632324219,71.36250305175781,0.10024520754814148,0.011793037876486778,4.0,4.0,2.0,0.24246721243739952,1067856128.0,0.20454105734825134,13.13172435760498,4.605968191738929,4.861472151503705,47.172454833984375,517.5171508789062,110.58586120605469,581.0045776367188,57.08079528808594
IMG_6277.png,107.27122497558594,88.15493774414062,70.94551086425781,0.09922715276479721,0.011966835707426071,5.0,3.0,2.0,0.24021703903639632,1028799488.0,0.2174401730298996,13.15861701965332,4.614028279907437,4.869990126020901,47.12177276611328,520.33447265625,111.45984649658203,601.14892578125,58.48365783691406
IMG_6278.png,97.02495574951172,75.56503295898438,63.48612976074219,0.1672900915145874,0.018653403967618942,5.0,4.0,3.0,0.33425278392638547,1488494720.0,0.13307861983776093,12.046863555908203,4.3448740692100865,4.681149893518686,46.275718688964844,463.8011474609375,98.4839096069336,318.2887878417969,31.987245559692383
IMG_6279.png,109.28033447265625,90.88319396972656,71.62579345703125,0.09818078577518463,0.011113807559013367,4.0,3.0,2.0,0.23000274617194322,994757632.0,0.21639969944953918,13.313501358032227,4.6363770965775295,4.878076817774649,46.89547348022461,517.9522094726562,111.76112365722656,643.0650024414062,62.429847717285156
IMG_5922.png,107.9451904296875,86.99569702148438,68.82979583740234,0.1035647913813591,0.014291120693087578,5.0,4.0,2.0,0.24191220318053425,982034432.0,0.20327670872211456,13.172296524047852,4.673076167718128,4.931045880187652,45.95117950439453,515.5889892578125,109.37557983398438,580.2859497070312,58.12041473388672
IMG_5923.png,110.23262023925781,85.86808776855469,70.64022827148438,0.09601578861474991,0.013521987944841385,4.0,3.0,2.0,0.23157711381145654,957223040.0,0.2191907912492752,13.240525245666504,4.6426546557587915,4.898267830409213,47.23558044433594,532.3677368164062,112.43441009521484,599.5169677734375,59.28587341308594
IMG_5924.png,98.02164459228516,76.53551483154297,63.642478942871094,0.14178305864334106,0.01560837123543024,5.0,4.0,2.0,0.3056187081228704,1291181696.0,0.1597743183374405,12.352999687194824,4.396699765586134,4.733515015990122,47.044578552246094,499.7439270019531,104.86066436767578,367.8039855957031,35.968509674072266
IMG_5925.png,99.88590240478516,76.32220458984375,63.72626495361328,0.14194828271865845,0.01677020639181137,5.0,4.0,2.0,0.30114655163524473,1249706496.0,0.1647353619337082,12.391191482543945,4.387424256200922,4.728179170242841,47.499229431152344,503.91864013671875,104.63169860839844,368.50677490234375,36.42474365234375
IMG_6055.png,97.7997055053711,78.51534271240234,66.50669860839844,0.14276671409606934,0.01791958324611187,6.0,4.0,2.0,0.29002596402269765,1241312640.0,0.16268527507781982,12.749385833740234,4.519968789711156,4.828694101725266,46.80113220214844,502.53704833984375,107.30660247802734,495.7137451171875,49.64955520629883
IMG_6056.png,90.57840728759766,74.81526947021484,67.42324829101562,0.14125709235668182,0.015392196364700794,5.0,4.0,2.0,0.2915841442713623,1252149632.0,0.16749313473701477,12.623159408569336,4.441213938343157,4.810856528415927,48.12718963623047,507.7129821777344,109.55281829833984,444.60302734375,42.37013626098633
IMG_6057.png,83.66252899169922,68.35881805419922,56.21183395385742,0.2252887636423111,0.02572447620332241,7.0,5.0,3.0,0.38818022408997876,1714374656.0,0.09063476324081421,11.560117721557617,4.087522546863427,4.540286812849341,46.53487014770508,440.4032287597656,92.50961303710938,257.2088317871094,28.828563690185547
IMG_6058.png,78.6921615600586,63.547271728515625,50.05500793457031,0.27709656953811646,0.0514104850590229,15.0,7.0,4.0,0.4511661810913795,1878516864.0,0.06868282705545425,11.10440444946289,3.9826181093112645,4.448806448229377,44.51313781738281,410.8587646484375,85.96803283691406,215.35626220703125,26.972854614257812
IMG_5790.png,96.68405151367188,80.22515106201172,70.2742919921875,0.1375541090965271,0.02076655812561512,5.0,4.0,2.0,0.2672415423589475,1056352640.0,0.21574731171131134,12.929197311401367,4.329633543428872,4.677882455166954,47.8245849609375,522.1470336914062,111.78231811523438,541.7601318359375,51.00215148925781
IMG_5791.png,84.12183380126953,67.6300048828125,51.238399505615234,0.28074920177459717,0.034599412232637405,8.0,6.0,3.0,0.4139340503305614,1766132352.0,0.07241855561733246,11.467973709106445,3.6613619212780697,4.227100818352421,46.82740020751953,426.094482421875,90.84490203857422,242.53369140625,31.294841766357422
IMG_5792.png,79.63257598876953,64.4006118774414,49.46588134765625,0.3439316749572754,0.04200790077447891,9.0,6.0,4.0,0.4344818571276702,1829536384.0,0.06132027506828308,11.245301246643066,3.5899452453118657,4.145543992466168,45.73469924926758,415.4708251953125,85.63438415527344,218.33924865722656,31.048748016357422
IMG_5793.png,96.88813018798828,80.0380859375,72.5683822631836,0.11632430553436279,0.015766849741339684,4.0,3.0,2.0,0.2478175101528559,1020808768.0,0.2237893044948578,13.06065559387207,4.2290096629457,4.627379206830739,49.41539764404297,543.1537475585938,117.02232360839844,558.2018432617188,51.55385208129883
IMG_6356.png,61.484832763671875,49.817264556884766,38.57688903808594,0.5478115677833557,0.10404226183891296,35.0,26.0,8.0,0.6398665038366298,2017985408.0,0.04183764010667801,9.771774291992188,3.910987208343852,4.452073886581111,34.990264892578125,359.1155700683594,77.14387512207031,232.01759338378906,34.44853973388672
IMG_6357.png,85.71307373046875,72.36114501953125,61.535675048828125,0.2822422683238983,0.03754666820168495,15.0,8.0,2.0,0.3808087347711029,1430087296.0,0.11045015603303909,12.287487030029297,4.370369714853193,4.731480484676782,43.81767272949219,456.26580810546875,99.40963745117188,498.3662109375,55.880619049072266
IMG_6358.png,81.9657974243164,70.24427795410156,62.77433395385742,0.23832547664642334,0.039531681686639786,15.0,7.0,2.0,0.37660801087411283,1437444480.0,0.11497493088245392,12.276487350463867,4.3714089608252324,4.726946263204448,43.72261047363281,459.0016174316406,101.44670867919922,473.9742126464844,52.527584075927734
IMG_6359.png,88.85234069824219,75.21538543701172,67.11898040771484,0.22781434655189514,0.038256652653217316,13.0,6.0,2.0,0.33924271286254754,1267978752.0,0.14544008672237396,12.638948440551758,4.43808069514871,4.749603089915801,44.02031707763672,472.2393493652344,103.17604064941406,559.7110595703125,59.1517448425293
IMG_5834.png,94.21151733398438,72.87256622314453,66.27367401123047,0.0918237492442131,0.014824512414634228,5.0,4.0,2.0,0.27907497042643553,1084243584.0,0.17636658251285553,12.72787094116211,4.714024346154263,4.998666981683844,44.79693603515625,494.04705810546875,105.06940460205078,434.5903015136719,44.484535217285156
IMG_5835.png,90.43335723876953,70.86246490478516,64.5507583618164,0.10639587044715881,0.01752016693353653,5.0,4.0,2.0,0.2989758963552155,1163085824.0,0.15866994857788086,12.561036109924316,4.663780038521504,4.962254482119926,44.8065071105957,499.07061767578125,104.35260772705078,399.7862854003906,41.165897369384766
IMG_5836.png,85.99107360839844,66.44280242919922,62.188873291015625,0.1149238646030426,0.022853443399071693,6.0,4.0,2.0,0.3267594648344704,1216890880.0,0.14413036406040192,12.286733627319336,4.586075759553106,4.909821682862557,43.14569091796875,474.0168762207031,99.51849365234375,333.3318176269531,35.45579528808594
IMG_5837.png,84.89801788330078,66.14325714111328,61.020904541015625,0.1075252816081047,0.018599512055516243,6.0,5.0,2.0,0.3228706617020785,1194594176.0,0.13853545486927032,12.366504669189453,4.6638766949866115,4.967522651081273,43.240478515625,494.33642578125,101.11715698242188,345.802490234375,38.08916473388672
IMG_6124.png,72.70924377441406,56.232818603515625,39.27853775024414,0.3921712338924408,0.042637743055820465,11.0,8.0,5.0,0.500907325563414,2106591360.0,0.03233535960316658,10.509688377380371,3.6557567486564686,4.232955294459453,41.368133544921875,333.33465576171875,70.66703796386719,146.07003784179688,23.979511260986328
IMG_6125.png,78.94296264648438,60.074378967285156,45.19650650024414,0.3167017698287964,0.04350680112838745,12.0,7.0,4.0,0.4779846983209401,2019398784.0,0.04734938591718674,10.840948104858398,3.7166756901386044,4.264897843880739,43.85667419433594,376.59527587890625,79.61468505859375,185.2643585205078,27.168806076049805
IMG_6126.png,77.45531463623047,59.098392486572266,43.21458435058594,0.3137979805469513,0.03750493377447128,11.0,8.0,4.0,0.48837810277509097,1994478592.0,0.04802168533205986,10.793164253234863,3.821047488327308,4.327099157489579,42.00074005126953,359.4718322753906,75.17073059082031,164.56890869140625,24.062978744506836
IMG_6127.png,99.95149230957031,81.29351043701172,68.48106384277344,0.13480058312416077,0.023273007944226265,6.0,4.0,2.0,0.2955785772492288,1169304320.0,0.18306823074817657,12.823198318481445,4.450777156052252,4.744887353710441,46.18324279785156,496.1718444824219,106.40621185302734,527.0140380859375,51.31513214111328
IMG_6035.png,104.71913146972656,84.0333251953125,69.90108489990234,0.11145564913749695,0.015008101239800453,5.0,3.0,2.0,0.2406616001687482,975387712.0,0.22275669872760773,13.192955017089844,4.624854095721473,4.879309724813043,46.42994689941406,516.5369873046875,110.46903991699219,603.0385131835938,59.018096923828125
IMG_6036.png,102.38787841796875,76.8329086303711,66.3739013671875,0.11943047493696213,0.01432726252824068,5.0,4.0,2.0,0.2950230416795124,1225592960.0,0.18020017445087433,12.482881546020508,4.446250069896612,4.751352589299459,46.837684631347656,498.32318115234375,105.69742584228516,405.4400329589844,39.379425048828125
IMG_6037.png,103.47534942626953,81.69354248046875,68.83151245117188,0.10789526998996735,0.015124479308724403,5.0,4.0,2.0,0.25471995326575225,994929280.0,0.21651679277420044,13.093130111694336,4.644126892843297,4.906354522162961,46.231231689453125,509.43695068359375,108.90947723388672,561.310302734375,55.986328125
IMG_6038.png,103.88677978515625,81.2861328125,69.04912567138672,0.10627106577157974,0.012654980644583702,5.0,4.0,2.0,0.2511701316474022,1019326464.0,0.21602803468704224,13.070014953613281,4.579726668779013,4.8544206824549745,46.84473419189453,516.971923828125,110.835693359375,552.5695190429688,54.24127197265625
IMG_6224.png,104.0264892578125,84.27881622314453,69.04362487792969,0.11493664234876633,0.01777595654129982,5.0,4.0,2.0,0.26337440986213434,1091118592.0,0.19821684062480927,13.050872802734375,4.633618981105306,4.887198732233413,46.621429443359375,502.5673828125,108.79945373535156,573.8043212890625,56.722259521484375
IMG_6225.png,97.42239379882812,81.84723663330078,68.89716339111328,0.12738429009914398,0.02462020516395569,5.0,4.0,2.0,0.28418555858400263,1144269440.0,0.18838608264923096,12.730657577514648,4.623843033251043,4.907587429201353,46.668243408203125,508.05560302734375,108.46106719970703,492.5428771972656,48.31867980957031
IMG_6226.png,96.59725952148438,77.85383605957031,67.82685089111328,0.12489232420921326,0.017019381746649742,5.0,4.0,2.0,0.2900496549014214,1188998272.0,0.1758444607257843,12.690177917480469,4.600866823522957,4.8718269730008625,45.51649475097656,497.86944580078125,106.59727478027344,461.9591369628906,46.36455535888672
IMG_6227.png,93.24079132080078,79.08760833740234,67.37653350830078,0.12749119102954865,0.020107049494981766,5.0,4.0,2.0,0.3056996830504347,1283421696.0,0.17202652990818024,12.47012710571289,4.45478326807529,4.749603089915801,46.52953338623047,481.7467956542969,104.47373962402344,421.5651550292969,40.653900146484375
IMG_5769.png,93.90543365478516,73.69940185546875,65.35640716552734,0.1018737331032753,0.021147143095731735,6.0,4.0,2.0,0.29683622541919974,1142722688.0,0.1607460230588913,12.73826789855957,4.734671597975655,5.0156724600922615,44.79913330078125,514.1337280273438,107.22146606445312,463.39605712890625,49.48158645629883
IMG_5770.png,90.7588119506836,75.75948333740234,68.91230773925781,0.11575447767972946,0.017578022554516792,5.0,4.0,2.0,0.29309621088325966,1223201664.0,0.16148121654987335,12.577692031860352,4.675488070566908,4.960953898295598,45.73382568359375,488.92279052734375,105.85564422607422,427.1674499511719,43.713687896728516
IMG_5771.png,97.8106460571289,78.02793884277344,68.5790023803711,0.11133843660354614,0.01626579463481903,5.0,4.0,2.0,0.2845145967638846,1166859136.0,0.1696927845478058,12.759132385253906,4.677651627096217,4.989588741023232,44.85567092895508,504.269775390625,108.23579406738281,481.4830017089844,49.29667663574219
IMG_5772.png,99.9432601928711,81.55123901367188,70.12834930419922,0.10007022321224213,0.013029895722866058,5.0,4.0,2.0,0.25414776287852703,1065155328.0,0.20015661418437958,12.956356048583984,4.754385127065868,5.021724620532668,46.67970275878906,519.27978515625,110.46571350097656,525.7396240234375,52.72943115234375
IMG_6264.png,99.3262710571289,84.24868774414062,72.8359375,0.10213486105203629,0.01247801911085844,5.0,3.0,2.0,0.23576357569900447,1021917376.0,0.21996505558490753,13.211034774780273,4.570809790594845,4.829013009737152,47.06847381591797,507.9123840332031,109.7890625,626.7748413085938,60.21221160888672
IMG_6265.png,95.74374389648438,79.30528259277344,69.22279357910156,0.13388915359973907,0.015711043030023575,5.0,4.0,2.0,0.282664590239121,1161738496.0,0.19215896725654602,12.758853912353516,4.459867121555107,4.739050584085266,45.927223205566406,487.8995666503906,105.61656188964844,500.3717346191406,47.88372802734375
IMG_6266.png,85.41468048095703,71.4521484375,59.70200729370117,0.1864297091960907,0.026954252272844315,7.0,5.0,3.0,0.3732107350533066,1602830464.0,0.11638683825731277,11.847034454345703,4.184363444815036,4.545106066251357,45.71131896972656,432.4788818359375,93.68843078613281,305.2160339355469,32.152183532714844
IMG_6267.png,105.52001190185547,83.89498901367188,70.83655548095703,0.11510727554559708,0.01562338974326849,5.0,4.0,2.0,0.25100262249889543,1049518464.0,0.21003562211990356,13.135677337646484,4.49778868565069,4.760991096103488,46.20768737792969,500.0,108.88438415527344,614.7342529296875,60.091278076171875
IMG_5906.png,77.95970153808594,60.871192932128906,43.43096160888672,0.3848251402378082,0.07263936847448349,25.0,10.0,4.0,0.5136806831997554,1994397824.0,0.04714019596576691,10.556774139404297,3.7996961990446745,4.30699549245132,41.31572723388672,380.3294677734375,78.81839752197266,173.0197296142578,23.812021255493164
IMG_5907.png,92.59101867675781,73.1142807006836,58.166954040527344,0.25294026732444763,0.03839800879359245,10.0,6.0,3.0,0.38670742149522386,1523154944.0,0.10457117855548859,11.930255889892578,4.564685386324634,4.886163509528396,43.59550857543945,461.7342224121094,96.99886322021484,342.667236328125,37.85845947265625
IMG_5908.png,79.28060913085938,62.48108673095703,49.001712799072266,0.38323625922203064,0.07961762696504593,40.0,13.0,4.0,0.5064598189350975,1873955968.0,0.06434301286935806,10.847209930419922,4.268173148879873,4.716393757373914,41.22932815551758,415.6645202636719,88.30319213867188,239.91201782226562,28.994060516357422
IMG_5909.png,74.25814819335938,57.200355529785156,41.90993881225586,0.4061993658542633,0.0869121178984642,38.0,14.0,5.0,0.5547816256824799,2099448192.0,0.04199882596731186,10.163297653198242,4.01591018874013,4.506792448377773,39.78668975830078,360.10552978515625,74.431640625,155.14735412597656,22.321269989013672
IMG_6160.png,106.33169555664062,87.11389923095703,67.8153305053711,0.1310528963804245,0.015144663862884045,5.0,4.0,2.0,0.2625703018068194,1090118144.0,0.1878313571214676,13.023679733276367,4.599910711728665,4.877162818748142,46.4138298034668,523.6888427734375,110.55835723876953,568.8131713867188,56.73979568481445
IMG_6161.png,100.8513412475586,81.43596649169922,66.9022445678711,0.13525810837745667,0.01651841029524803,5.0,4.0,2.0,0.2786080658062505,1106276736.0,0.18324720859527588,12.875008583068848,4.615258147475249,4.895285423987162,45.840179443359375,508.4938659667969,109.17213439941406,514.6477661132812,51.821868896484375
IMG_6162.png,99.76512908935547,77.83418273925781,63.0191535949707,0.17511475086212158,0.019360972568392754,6.0,4.0,2.0,0.32214883932994814,1302283136.0,0.15412002801895142,12.378020286560059,4.491234035106072,4.828694101725265,46.193241119384766,512.7314453125,106.9040298461914,393.1775817871094,39.86635208129883
IMG_6163.png,108.90371704101562,88.01457214355469,70.29410552978516,0.11748311668634415,0.014285535551607609,5.0,4.0,2.0,0.24273131650912227,997101184.0,0.20763087272644043,13.252589225769043,4.686991632110285,4.9521508918487225,46.596336364746094,523.59912109375,111.72289276123047,614.2373657226562,61.54603958129883
IMG_5950.png,93.10162353515625,76.74117279052734,62.79438400268555,0.1704387366771698,0.029539022594690323,6.0,4.0,2.0,0.3179530455085263,1297764352.0,0.14752519130706787,12.604650497436523,4.116464609539189,4.583617368458316,48.35809326171875,510.40765380859375,110.62154388427734,471.5426330566406,46.209224700927734
IMG_5953.png,95.89413452148438,78.01136016845703,67.4697265625,0.1374586820602417,0.0230910312384367,6.0,4.0,2.0,0.2951061183229833,1248791936.0,0.16185909509658813,12.71340560913086,4.469235918078125,4.808305404757325,46.87073516845703,501.5516052246094,109.04378509521484,493.8797302246094,48.73457336425781
IMG_6399.png,91.71508026123047,77.43815612792969,61.65513229370117,0.1933584362268448,0.02096540667116642,6.0,4.0,2.0,0.3072991407812645,1306928896.0,0.14643169939517975,12.640625,4.2359376019246,4.725476763547368,49.573543548583984,517.0319213867188,113.9614028930664,481.8399353027344,46.53224563598633
IMG_6400.png,92.27044677734375,76.11162567138672,63.85999298095703,0.2023734301328659,0.02416192926466465,8.0,5.0,2.0,0.33199136134806195,1357575552.0,0.14561355113983154,12.469526290893555,4.39641961671186,4.750119682261065,45.80329132080078,483.281494140625,105.52117919921875,448.1902770996094,45.24685287475586
IMG_6401.png,72.80189514160156,57.00530242919922,41.15138626098633,0.3585909605026245,0.05777379497885704,18.0,12.0,5.0,0.5311737937097859,2068847488.0,0.04385726526379585,10.518476486206055,3.7285584401477494,4.297692831700282,41.356727600097656,353.1196594238281,76.14869689941406,162.66558837890625,24.901227951049805
IMG_6402.png,89.7140884399414,74.63587951660156,61.31867980957031,0.19935080409049988,0.02355857752263546,6.0,5.0,3.0,0.3449225900266262,1502422912.0,0.12519234418869019,12.223520278930664,4.191697363038975,4.623537969750716,47.71497344970703,483.2664794921875,103.18727111816406,367.17376708984375,36.89983367919922
IMG_5954.png,99.2986068725586,81.67709350585938,62.45738983154297,0.16576839983463287,0.01937156543135643,6.0,4.0,2.0,0.30397938250594864,1219411584.0,0.16182522475719452,12.72085952758789,4.045288418918484,4.4165886645943555,46.72980499267578,508.095458984375,107.37222290039062,484.5978088378906,47.5579948425293
IMG_5955.png,95.91023254394531,79.28545379638672,64.42508697509766,0.18179626762866974,0.020693793892860413,7.0,4.0,2.0,0.3157989884852202,1266647424.0,0.15941067039966583,12.60772705078125,4.110710285429233,4.445955114466916,45.664161682128906,492.8367004394531,104.23457336425781,454.7132873535156,45.2807731628418
IMG_5957.png,100.2276611328125,82.72512817382812,70.43243408203125,0.14333344995975494,0.020039629191160202,6.0,4.0,2.0,0.28474458546572645,1154860416.0,0.18424345552921295,12.94124984741211,4.551639218781975,4.811572843109058,45.66259002685547,493.1551513671875,106.3987808227539,566.6170654296875,55.845821380615234
IMG_5822.png,101.09117889404297,75.8536148071289,62.198638916015625,0.13766857981681824,0.01887732371687889,6.0,5.0,2.0,0.3033533035998899,1265657088.0,0.1369524449110031,12.633975982666016,4.8648938176389755,5.181567763107138,49.41411590576172,548.1842651367188,111.55107116699219,453.576171875,48.488441467285156
IMG_5823.png,90.88494873046875,64.359375,55.16643524169922,0.18166878819465637,0.03081534616649151,8.0,6.0,3.0,0.3777090945851703,1527148928.0,0.10097180306911469,11.811803817749023,4.703298125604985,5.086961812077658,47.44865417480469,490.7244567871094,101.36304473876953,282.0929870605469,30.76112174987793
IMG_5824.png,85.67935180664062,63.79952621459961,51.174007415771484,0.2101205736398697,0.026069995015859604,7.0,6.0,3.0,0.39454636063364856,1646658688.0,0.08398789912462234,11.450241088867188,4.562293117886587,5.010995722655087,48.60524368286133,471.14752197265625,96.54576110839844,219.84854125976562,23.99083137512207
IMG_5825.png,98.36198425292969,69.75699615478516,57.79721450805664,0.14556582272052765,0.0221780464053154,8.0,5.0,3.0,0.3445515295511372,1408533376.0,0.11525672674179077,12.242294311523438,4.831688250490636,5.1885119662651,49.35662078857422,540.5478515625,109.43440246582031,374.06939697265625,40.611446380615234
IMG_5995.png,74.99400329589844,62.61069107055664,47.699337005615234,0.31887444853782654,0.0361589640378952,12.0,8.0,4.0,0.4383667250376373,1839194624.0,0.06569870561361313,11.459251403808594,3.802603291594265,4.432399466291811,46.553062438964844,464.5798645019531,97.48088836669922,290.2658386230469,34.135284423828125
IMG_5996.png,80.31266021728516,66.15266418457031,55.75119400024414,0.2827126383781433,0.03444918990135193,12.0,7.0,3.0,0.4022089781211097,1588214912.0,0.0965631827712059,11.935920715332031,4.294306533172076,4.763939626443333,45.35090637207031,473.76629638671875,101.28694152832031,384.6749572753906,42.53774642944336
IMG_5997.png,71.00898742675781,57.513633728027344,43.5413932800293,0.3562861680984497,0.04385703429579735,15.0,9.0,4.0,0.49698504457550713,2017077888.0,0.04997286573052406,10.863636016845703,3.8177700786253754,4.353627362494234,42.67247009277344,384.29937744140625,81.73596954345703,189.88449096679688,26.417770385742188
IMG_5998.png,89.50833129882812,73.81278228759766,61.7250862121582,0.2284698635339737,0.023361841216683388,9.0,6.0,2.0,0.34759669177663943,1445071872.0,0.12188410013914108,12.340520858764648,4.313303260014365,4.673537139319294,45.26531982421875,476.535400390625,101.7923355102539,442.20703125,46.671993255615234
IMG_5810.png,111.63004302978516,90.2332992553711,70.7851333618164,0.09166485071182251,0.011943812482059002,4.0,3.0,2.0,0.22683839065884442,962628288.0,0.24556303024291992,13.23263168334961,4.517316801763122,4.770276818813422,47.914306640625,530.6373291015625,113.58448791503906,629.8790893554688,59.69921875
IMG_5811.png,101.97203826904297,86.04753112792969,74.0449447631836,0.09344703704118729,0.010458037257194519,4.0,3.0,2.0,0.23517077124782165,984997824.0,0.2516934275627136,13.070276260375977,4.753043787412995,5.007585768338513,47.98236846923828,528.6019287109375,113.44347381591797,558.5823364257812,52.96484375
IMG_5812.png,97.70162963867188,77.49850463867188,67.21968841552734,0.11317285895347595,0.014618788845837116,5.0,4.0,2.0,0.2957237393647526,1308824960.0,0.17855213582515717,12.291563034057617,4.514999992793809,4.838013700517407,48.464935302734375,485.732421875,104.40847778320312,368.6402893066406,34.68040466308594
IMG_5813.png,103.37611389160156,84.12785339355469,73.45061492919922,0.09213517606258392,0.01331903226673603,4.0,3.0,2.0,0.25154613710511253,1077977600.0,0.22727864980697632,12.875556945800781,4.707093338058295,4.974950234524914,47.74513626098633,513.1627197265625,111.52701568603516,509.2748718261719,48.482181549072266
IMG_5986.png,113.39710235595703,87.1728515625,63.972896575927734,0.12670275568962097,0.016018874943256378,5.0,4.0,2.0,0.2781767631143003,1156856064.0,0.16589787602424622,12.887365341186523,4.524551449956721,4.801855837635675,46.24268341064453,519.7831420898438,108.62166595458984,517.3199462890625,52.72189712524414
IMG_5987.png,90.40632629394531,68.6415786743164,54.174964904785156,0.19743911921977997,0.026541385799646378,7.0,5.0,3.0,0.3850205645167576,1597251584.0,0.10116828233003616,11.621706008911133,4.352494026648162,4.735980830066908,44.739952087402344,442.47821044921875,93.5016098022461,248.16416931152344,26.630699157714844
IMG_5988.png,98.82593536376953,69.02011108398438,57.976043701171875,0.2017061412334442,0.022556936368346214,6.0,5.0,3.0,0.35745867768799766,1532373632.0,0.11240065842866898,11.897234916687012,4.444156141378582,4.802647801041525,45.64727020263672,464.2628479003906,98.31217956542969,292.24163818359375,29.991788864135742
IMG_5989.png,109.18177795410156,81.8341064453125,64.41796875,0.14876221120357513,0.01729297637939453,6.0,4.0,2.0,0.29576811363192296,1234625408.0,0.15583805739879608,12.626649856567383,4.649070106422779,4.955418330200455,46.653770446777344,508.18255615234375,107.40201568603516,449.6454162597656,45.20061492919922
IMG_6196.png,92.23577117919922,71.7518539428711,56.51128005981445,0.24487264454364777,0.040003564208745956,14.0,7.0,3.0,0.39830709703874356,1514154112.0,0.10440137982368469,11.893745422363281,4.391667373014747,4.77433546268481,43.56349182128906,462.83795166015625,97.4975357055664,367.1543273925781,40.27084732055664
IMG_6197.png,97.31016540527344,76.72737884521484,60.507415771484375,0.19876357913017273,0.044171787798404694,14.0,6.0,3.0,0.3728459458965824,1388822912.0,0.12480234354734421,12.133800506591797,4.490542424085159,4.858204713151972,44.45377731323242,475.7021179199219,103.10431671142578,428.4766540527344,45.2739143371582
IMG_6198.png,83.02692413330078,66.13424682617188,53.92669677734375,0.284106969833374,0.061320625245571136,24.0,10.0,3.0,0.4553946223395561,1659399424.0,0.08913586288690567,11.442459106445312,4.37054365195839,4.765457565411409,42.134178161621094,435.13671875,93.00745391845703,307.5999755859375,34.7103385925293
